title,lyc
 东方明珠 Intro,"作词：马思唯作曲：马思唯用这张专辑再次把我带回神坛虽然我从来没跌落过和他们格格不入是种错的话那我做的选择是接着错不停用望远镜放大镜显微镜在我的身上找弱点I hit em up我笔杆的口径射程范围覆蓋全球hip hop 信徒I hit em upPut my clothes on put my chains on 我发誓过绝对不平庸藉著东风来势汹汹家人兄弟陪我还有我听众我们won't stop像是哥斯拉on the block 正在大战着King Kong无论成都还是纽约都感觉我像中华英雄3小时上海回成都双流机场总统一号门口接我我就像我的表只要脉搏在我的动力永远不会歇火Bust down带脖子上闪到眼睛晃每一颗都完美切割我flow太港我的词太呛这些rapper听了像是吃了芥末更多更详尽歌词 在 ※ Mojim.com　魔镜歌词网 I got that swag I got that humble swag我觉得爽就干我觉得爽就完了拍个照摆个造型下个月又上头版了我在家是独生子女但是全球都有我的姐妹兄弟Hip hop是血液我们滴血来认个亲手放到空中这局你们陪我赢当我把温度给不断升高看销量的数字也不断升高在money machine上面彻夜奔跑往全世界每一个口岸分销把hater们尸体垫起往上踩在上海我们不止玩儿one night曾饱经了风霜现在该我风光Shinning like 夜明珠闪耀在东方Put my clothes on put my chains on 我发誓过绝对不平庸藉著东风来势汹汹家人兄弟陪我还有我听众我们won't stop像是哥斯拉on the block 正在大战着King Kong无论成都还是纽约都感觉我像中华英雄
"
 SNTS,"作词：马思唯作曲：马思唯他们在学习我说话的方式让自己看起来像个rapper但永远达不到我档次看窗外面都是我banner我从小live in the culture 它把我浸泡像福尔马林Streets need this **** 短暂的黑暗决不可能把我打赢他们选我当做代表反对的声音说我格局太小那就来赛跑Hip hop融入我的血液里不只在迷人的外表Streets need this **** streets need this ****Streets need this **** streets need this ****总统一号我们坐的是坦克把音量开最大都知道我来了自己当老板不看别人脸色捅我刀子被我亲手给埋了Forgiato轮毂像在玩悠悠重心放在事业我富的流油我答应过家人们必须变优秀uh uh跟我拉勾勾Streets need this **** streets need this ****Streets need this **** 我们玩的太燥会留鼻血Streets need this **** streets need this ****环肥燕瘦我们都能handle get this money我们照单全收叫我兄弟出门去搞点儿钱钱认不到的看到我梭边边跟我超安排到方方面面哪都超的转衣服有统一的版型老子们耍的最攒劲更多更详尽歌词 在 ※ Mojim.com　魔镜歌词网 Uh 马思唯这儿的owner 挑战我的都在送人头在送分儿网上审判我的时候像个法官见到我的时候咋个集体变成stonerHow to turn 20 into 40 天亮前起飞天黑落地我在每个城市都有兄弟来自小地方感觉像是皇亲国戚看我们的动作太矫健横冲直撞像一群黑色的野马在草原活跃在每一个地方都是舞台每一个地方我们都能表演有敏锐的判断我教我的兄弟些看事情不能看表面Oh你也想冒险坐上我们航班之前先确认你买好了保险卡地亚表两点过我把一天当成两天过现在五个城市跑享受6场show 以前存款只有2000多她想要快点见她想要快点见带她逛Prada店然后再带她逛香奈儿店买买总统一号我们坐的是坦克把音量开最大都知道我来了自己当老板不看别人脸色捅我刀子被我亲手给埋了Forgiato轮毂像在玩悠悠重心放在事业我富的流油我答应过家人们必须变优秀uh uh跟我拉勾勾Streets need this **** streets need this ****Streets need this **** 我们玩的太燥会留鼻血Streets need this **** streets need this ****环肥燕瘦我们都能handle get this money我们照单全收
"
 长城,"作词：马思唯作曲：马思唯When you see on the mic 我就不会搞砸就像万里长城万里长不会倒塌How you feel？当你听到马思唯rap巴适的板说巴适的惨然后再bring it back我的状态像李小龙说的be water在'倒卖'hot sauce my sauce like street baller年轻的rappers开始冬训I'm coach CarterI'm top shooter 想要的必须得到指哪打哪别恐慌我不是要给你压力I catch the beat 像她也对我死心塌地我们无孔不入像蜜蜂在采花蜜我要当rich的daddy 我儿子是'Rich The Kid '我的flow是百万豪宅那你是流浪汉Bust down在我的韵脚就连歌词都镶钻And 动力是法拉利的马达灵感是大瀑布尼加拉瓜格局是哈利法塔If rap是鱿鱼游戏不知道你死几回了我是大赢家看屋顶的猪越养越肥了在我的桌子上吃饭就要守规矩Hip hop saved me 捣乱的我会把你们变成悲剧When you see on the mic 我就不会搞砸就像万里长城万里长不会倒塌How you feel？当你听到马思唯rap巴适的板说巴适的惨然后再bring it back太挤了我的show太燥你太矫情我不欢迎快点滚right nowHow you feel？当你听到马思唯rap巴适的板说巴适的惨然后再bring it back我的足迹遍布世界像EMS到嘻哈胜地朝圣RIP DMX我玩的文字极限运动BMX脖子挂的翡翠是龙的传人的坠子这个音乐产业需要我街头需要我Culture需要我新一代generation需要我我开公司签我自己赞助我自己他们不明事理才以为我是纨绔子弟更多更详尽歌词 在 ※ Mojim.com　魔镜歌词网 Ladies刷著iPhone 手里拿着拿铁朋友圈微信群里全是我的hot ****我大开杀戒你还在泼妇骂街这来自西方的文化看我用中文嫁接看我能唱的慢也能唱的快重要的是我比这些rappers 唱的帅这是我的工作同时是我的兴趣讲我的经历能启发你能带动周围的经济When you see on the mic 我就不会搞砸就像万里长城万里长不会倒塌How you feel？当你听到马思唯rap巴适的板说巴适的惨然后再bring it back太挤了我的show太燥你太矫情我不欢迎快点滚right nowHow you feel？当你听到马思唯rap巴适的板说巴适的惨然后再bring it back我守护爱我的人手臂张开像万里长城等过了黄昏就带着我的兄弟开始长征我们用文字力量足够能代替枪声在八十八个日月之后换我再次上升13年pop out 刚刚初来乍到三清观里面磨练我名声大噪都挡不住我势头凶猛像黄河水I got humble swag humble flex And humble playBlack cab Cadillac 后座有TV screenHigher gang 漂洋过海阳光照射palm tree中文说唱旗帜我们put it on the mapA Few Good Kids跟着我们脚步上了岸When you see on the mic 我就不会搞砸就像万里长城万里长不会倒塌How you feel？当你听到马思唯rap巴适的板说巴适的惨然后再bring it back太挤了我的show太燥你太矫情我不欢迎快点滚right nowHow you feel？当你听到马思唯rap巴适的板说巴适的惨然后再bring it back
"
 We Back,"feat. J.Mag & Thomeboydontkill作词：马思唯、 J.Mag、 Thomeboydontkill作曲：马思唯、 J.Mag、 Thomeboydontkill马思威：小弟娃儿你们真的比不上我的水平摆筹码都成了表回到成都我觉得像码英雄是的，我们支持每天庆祝 我们支持每天庆祝一帮人惹眼遍地是黄金而我是台推土机呃我把成都耍成电玩城开兰博基尼开法拉利开迈凯伦喜欢我音乐的全都变男神不喜欢的继续去当键盘人上嘴骂我的说唱歌手心礼因为我们不在乎所以做个激动叫我们不东开是的，我们默默前行 追踪不到我们的动态是的，我们默默地行动在做任务是FBI有好超吗？不断扩大版图真的超我从更高的兄弟毕业的你说我有好高Goupie有些像群靠近我的卡座真蛇骚老子个个都看不起我嘴巴真的挑不过轮到我自己当老板几输把我也不慌张只要在桌子上我就可以开转换我也不怕卑鄙小人我不管他手段好歹毒正大光明完成每一笔交易是正规军从不走歪路我的生活汽车坐像过山车老子莫兰特把你扣成精神错乱的感动到喉咙给你抵挡一步你要牛肉老子可以给你提几桶小弟娃儿你们真的比不上我的水平摆筹码都成了表回到成都我觉得像码英雄是的，我们支持每天庆祝 我们支持每天庆祝一帮人惹眼遍地是黄金而我是台推土机J.Mag：是的，我回来了我的公牛****是的，我又变傻了因新冠病休一年现在我带着一些新的****回来了现在我回到了城市为了得到这个**** litty为了让这个****变身我所有的仇敌看起来都很担心我在 CDC 摇滚 BBC更多更详尽歌词 在 ※ Mojim.com　魔镜歌词网 没有其他说唱歌手像我一样火爆如果我爸爸还活着，他会为我感到骄傲像个****一样打彩票中了彩票哥哥问我一句所以伊玛把这个放在灵车里用曲线打哟*****Hit the stu and go Bezerk (发疯)是的，现在街区很热我在成都跟团伙吃火锅我和马斯维在 Rarri 和它的下降顶部我们像 WiFi 一样连接黑人和亚洲人马思威：小弟娃儿你们真的比不上我的水平摆筹码都成了表回到成都我觉得像码英雄是的，我们支持每天庆祝 我们支持每天庆祝一帮人惹眼遍地是黄金而我是台推土机Thomeboydontkill：大事实 我翻转这个 我翻转那个言多必失手腕上的Ap 控制时间就像基兰脑子里的财富永远不会被取完派对在哪里？我和马斯威你知道派对在哪里没拍几个mv因为我不想拍给瓜P看我在左手腕上花了很多钱，那是卡地亚我把歌词写成成功宝典送给小弟娃儿兄弟几个在芳草集像结业 13年拜仁强了懂得珍惜的取舍和尊重的这两个点我赢得了荣誉我没有毕业，但是我和兄弟们一起创造了一个企业他们不理解 世界上会有我这么牛B的真的不能有兄弟几个一起出去超随时保留把蝴蝶刀我不是在说****只有真相出来那些只敢在app的主页闹我们做了我们肯定做了以前就明白这个道理所以我离开了这个土学校辛苦路灯我们睡觉没哪个比 Digi Ghetto 加上几个好孩子 Dior马思威：小弟娃儿你们真的比不上我的水平摆筹码都成了表回到成都我觉得像码英雄是的，我们支持每天庆祝 我们支持每天庆祝一帮人惹眼遍地是黄金而我是台推土机
"
 Like Me,"feat. 袁娅维TIA RAY作词：马思唯、袁娅维TIA RAY作曲：马思唯、JZlee、袁娅维TIA RAYMasiwei：I know you wanna have a boyfriend like meI know you wanna have a boyfriend like meI know you wanna have a boyfriend like meI know you wanna I know you wanna I know you…Tia：why you think I wanna boy friend like youwhy you think I wanna boy friend like youwhy you think I wanna boy friend like youbut I don't wanna but I don't wanna but I…Masiwei:Cartier glasses Cartier watchI'm a rap star DJ let the beat drop解开钮扣let me see that D cup你的笑神秘过蒙娜丽莎一个电话我立马飞三亚看到你路都不动要准备担架Girl 你走哪我就走哪如果你想哭就cry on my shoulderGirl you don't have to call 因为I know I knowWe don't even need to talk 只用跟着我走你的怀抱能够让我在迷茫中获救你要跳的话那么我也会跳fosho你开衩的red dress 藏了你的暗器从我的背部开始彻底把我占据快救命我无法否定遇到你我真是三生有幸cuz I…Tia:Di la da la boy别只会张口就来Then show me some别想走就走想来就来Who da sucker to romance你像个胆小鬼快走开You're not my mr.rightMasiwei：在说爱之前先学会尊重发自内心不只嘴唇动My time is money 随便你征用不收费用在我的free zone更多更详尽歌词 在 ※ Mojim.com　魔镜歌词网 和梦想比赛我陪你追梦他们叫我出去酒吧我都说没空只要看你笑了我就饱了你是小镇姑娘我是你的陶喆Girl你琢磨不定像是在演悬疑黑马王子见你也会马失前蹄赞美你的话一天我能写张专辑这些too real for me 没有在和你故弄玄虚你对我够致命我说这就是命我一边超著车一边看着后视镜我哼著歌追着10:30的飞机加速你让我牵肠又挂肚Girl you don't have to call 因为I know I knowWe don't even need to talk 只用跟着我走你的怀抱能够让我在迷茫中获救你要跳的话那么我也会跳fosho你开衩的red dress 藏了你的暗器从我的背部开始彻底把我占据快救命我无法否定遇到你我真是三生有幸cuz I…Tia:Di la da la boy别只会张口就来Then show me some别想走就走想来就来Who da sucker to romance你像个胆小鬼快走开You're not my mr.right多希望能回到那年我刚满22让花言巧语再把我带走Boy I told youBoy I told youDon't play with meDon't play with me别只会张口就来Then show me some别想走就走想来就来Who da sucker to romance你像个胆小鬼快走开You're not my mr.right*特别鸣谢华语R&B教父陶喆
"
 Humble Swag,"作词：马思唯作曲：马思唯Humble swag Humble humble swagHumble swag Humble humble swagHumble swag Humble humble swagHumble swag Humble humble swagI'm killing the beat 给我解解馋Streets calling me 因为我太野蛮门外汉跟我谈内涵喂你个香蕉球我就像贝壳汉姆Real rapper不用枪手来代班我verse被手榴弹塞满最后一次见你在我的菜板干掉你飞去普吉岛吃泰餐Yeah uh 我是台做歌的机器出场比犀利哥犀利摩天大楼我在叠我的积蓄你们在炫耀的我觉得低级Uh 我有颗野心像Diddy 属于我的荣耀绝不会给你火眼金睛老子拆穿你底细谈生意钱给我比起行动像忍者I got that humble swag书包里全部现金分给我兄弟些拿完了工资就往后传Uh uh 重新来定义这行业看我把它格式化这些too easy 说唱对我来说就像在家里打Xbox更多更详尽歌词 在 ※ Mojim.com　魔镜歌词网 Humble swag Humble humble swagHumble swag Humble humble swagHumble swag Humble humble swagHumble swag Humble humble swag老子太humble像Kendrick Lamar 我消费不要收据只会刷卡买奢侈品家常便饭我不炫耀他老子的车钥匙有一大把耍剩到的你都没耍过老子做事情有绝对的把握最屌的rapper不是我是哪个？混圈的小娃儿些自觉点儿离开我卡座Uh 麦克风调大声我开始录音像原子弹装上车运输中Hennessy XO喝起欢迎我成为这文化的新股东我平步青云但你还在原地踏步所以才会说听不懂开拓新的领地老子是嘻哈的达尔文发现了新物种Humble swag Humble humble swagHumble swag Humble humble swagHumble swag Humble humble swagHumble swag Humble humble swag
"
 拉了拉了,"作词：马思唯作曲：马思唯Oh你娃拉了拉了oh你又拉了Oh你娃拉了拉了oh你又拉了Oh你娃拉了拉了oh你又拉了Oh你娃拉了拉了oh你又拉了6台车子排一排IFS楼顶停到拉了拉了劳力士对我来说只是装饰不是名表拉了拉了I don't chase paper钱对我来说就是number 拉了拉了Push up push up push up 练的更stronger 拉了拉了Henny on the rock我先热个身老规矩要double 拉了拉了给世界一个交代像华尔街之狼莱昂纳多拉了拉了你娃告密我会让你倒地所以标太下头拉了拉了Too bad 这首歌叫'Zoo Trap'捉弄你像耍猴拉了拉了我演梅赛德斯中心门票照样一秒卖光标P话合同摆到桌子上在等我盖章我光芒万丈靠太近会把你晒伤见我需要带墨镜还必须要涂防晒霜Oh你娃拉了拉了oh你又拉了Oh你娃拉了拉了oh你又拉了更多更详尽歌词 在 ※ Mojim.com　魔镜歌词网 Oh你娃拉了拉了oh你又拉了Oh你娃拉了拉了oh你又...听你说话像是猴子叫带好口罩你们永远不会明白我的lifestyle动了我的奶酪送去改造你的女神房间墙上贴着我的海报猴子猴子叫猴子猴子闹猴子猴子跳猴子指到另外一只猴子笑有的猴子关到笼子里面有的猴子已经发射到了宇宙身上穿了氧气罩ACE看我拿满分儿他们猜不到我会躲在哪儿Hit that gas come on跑快点儿四面八方都在按快门儿All black everything纪梵希我不会跟那些低端比埋到脑壳赚钱像台吸尘器她只爱我她不喜欢你嘻哈闹药你闹了老子录歌录音棚爆了我像凯撒带领猩球崛起疯狂开发掀起腥风血雨Welcome to the jungle不服的请进爆你头像CS:GO的反恐精英根本不屑你哪个甲乙丙丁老子LBJ 拿的联盟顶薪YeahOh你娃拉了拉了oh你又拉了Oh你娃拉了拉了oh你又拉了Oh你娃拉了拉了oh你又拉了Oh你娃拉了拉了oh你又拉了
"
 卧底,"作词：马思唯作曲：马思唯是你们逼我的那现在看我回到我的轨道球本事都莫得你就只学会了嘴嚼头脑不清醒的话我来给你退烧干掉你像多米诺骨牌被我推到感觉像成龙在演新警察故事在你的城市里游荡迈开精英的步子是你太loser才会觉得别人内心太物质I'm on my way把遇到的路障都统统无视你们太假假的像铁甲小宝的和平星我不得听第二次你的歌你留给个人听老子一身Dior西装帅的像在演交响曲你还离我我八米远我的保镖就会放倒你看老子神舟行还行比小灵通还灵你的flow比在成都双流的飞机场还平And 1 mixtape我戏耍你像AOHip hop是菠菜把我变成大力水手调到我的参数给你们来做个示范绝对耐心绝对专注我在书写我的自传全中国最炸的rapper 一半都来自四川更多更详尽歌词 在 ※ Mojim.com　魔镜歌词网 你的水平太低只配在我厕所头贴瓷砖我来了我来了把那边把泡茶的水烧起我不只靠说唱这条线赚钱轻松Money每天喊我起床按我门铃叮咚百万的跑车私人定制座椅我业务能力强像刘德华演卧底我的战场不是微博不是抖音it's reality兄弟伙些陪我出生入死that's my family不管我飞好高我的心永远在成都我学会赢我学会赚但是学不会咋认输因为我有使命感当我站在台上听到'马思唯' 那是支持我的人把我名字使劲喊老子帅的像87年的F40已停产来嘛来比品味来嘛比内涵来嘛比灵感我来的时候啥样走就啥样Speak facts 哪怕把我脑壳放到狗头铡上I'll be right back I'll fight back 开起drop top老子跩惨高歌猛进没拐点遇到瓜P些一脚踩遍
"
 SNTS,"作词：马思唯作曲：马思唯他们在学习我说话的方式  让自己看起来像个rapper但永远达不到我档次  看窗外面都是我banner我从小live in the culture 它把我浸泡像福尔马林Streets need this **** 短暂的黑暗决不可能把我打赢他们选我当做代表反对的声音说我格局太小 那就来赛跑Hip hop融入我的血液里不只在迷人的外表Streets need this ****  streets need this ****Streets need this ****  streets need this ****总统一号我们坐的是坦克 把音量开最大都知道我来了自己当老板不看别人脸色 捅我刀子被我亲手给埋了Forgiato轮毂像在玩悠悠 重心放在事业我富的流油我答应过家人们必须变优秀 uh uh跟我拉勾勾Streets need this ****  streets need this ****Streets need this ****  我们玩的太燥会留鼻血Streets need this ****  streets need this ****环肥燕瘦我们都能handle get this money我们照单全收叫我兄弟出门去搞点儿钱钱认不到的看到我梭边边跟我超 安排到方方面面哪都超的转 衣服有统一的版型老子们耍的最攒劲更多更详尽歌词 在 ※ Mojim.com　魔镜歌词网 Uh 马思唯这儿的owner 挑战我的都在送人头在送分儿网上审判我的时候像个法官 见到我的时候咋个集体变成stonerHow to turn 20 into 40 天亮前起飞天黑落地我在每个城市都有兄弟 来自小地方感觉像是皇亲国戚看我们的动作太矫健横冲直撞像一群黑色的野马在草原活跃在每一个地方都是舞台 每一个地方我们都能表演有敏锐的判断我教我的兄弟些看事情不能看表面Oh你也想冒险 坐上我们航班之前先确认你买好了保险卡地亚表 两点过 我把一天当成两天过现在五个城市跑享受6场show 以前存款只有2000多她想要快点见 她想要快点见带她逛Prada店 然后再带她逛香奈儿店 买 买总统一号我们坐的是坦克 把音量开最大都知道我来了自己当老板不看别人脸色 捅我刀子被我亲手给埋了Forgiato轮毂像在玩悠悠 重心放在事业我富的流油我答应过家人们必须变优秀 uh uh跟我拉勾勾Streets need this ****  streets need this ****Streets need this ****  我们玩的太燥会留鼻血Streets need this ****  streets need this ****环肥燕瘦我们都能handle get this money我们照单全收
"
 ULYSSE NARDIN,"作词：马思唯作曲：马思唯我的陀飞轮在转  车胎贴着地面烧手腕上的雅典帮我召唤冰雹she said she is a freak 我说我也无所谓(她说她脾气差 我说我也无所谓) uh  yea thats so  fast  uh yeah thats a blast(这感觉太快了 这感觉爽呆了)ulysse nardin她辣的像个model she go wherever I go(她像个超模一样辣我走哪她走哪)ulysse nardinflexing with my wrist  像个 疯狂的吉他手(我晃动着我的手腕 像个疯狂的吉他手)if you dont know  段位还不够(如果你不知道的话那说明你段位还不够)我们不跟风 总是让人猜不透规则 one two three four  不能定义我(规则 1 规则 2还有规则3 都不能定义我)我的发动机太响 根本听不见你说这一笔更大 那才符合我胃口海的那头是我的追求我只为了懂我的人才存在我开party hater关在大门外(我开派对黑子们被关在大门外)我的声音  会让你无法忘记table full of bottle  got all eyes on me(桌上全是酒瓶 所有人都看着我)我的团队登场最光鲜亮丽每天都丰收 每天是旺季更多更详尽歌词 在 ※ Mojim.com　魔镜歌词网 任何场所 我都随意出没飞过了海洋我越过山坡时刻准备我们ready to war(时刻准备我们准备开干)高昂的身价不止用钱来记算奢侈的品味 靠时间来积攒一脚油门直接轰了地板 处境再难我们都能够逆转thats so fast yo  that a blast yo(这太快了 这真的的太帅了)我从南半球turn up 到北半球(我从南半球一直燥到了北半球)thats so fast yo  that a blast yo(这太快了 这真的太帅了)yeah yeah yeah ywah我的陀飞轮在转  车胎贴着地面烧手腕上的雅典帮我召唤冰雹she said she is a freak 我说我也无也无所谓(她说她脾气差 我说我也无所谓) uh  yea thats so  fast  uh yeah thats a blast(这感觉太快了 这感觉爽呆了)ulysse nardin她辣的像个model she go wherever I go(她像个超模一样辣我走哪她走哪)ulysse nardinflexing with my wrist  像个 疯狂的吉他手(我晃动着我的手腕 像个疯狂的吉他手)
"
 我不用休息(Live),"作词：马思唯、Alejandro Schmitz作曲：马思唯、Alejandro Schmitz我不用休息 24 hours 我不休息喂饱我的家人 喂饱我的兄弟 喂饱我的梦想不休息舒服的感觉给弱者 我要证明他们全部都是错的我是只野兽 let's go 总是保持警惕 胃里总是饿的我不用休息 24 hours 我不休息喂饱我的家人 喂饱我的兄弟 喂饱我的梦想不休息舒服的感觉给弱者 我要证明他们全部都是错的我是只野兽 let's go 总是保持警惕 胃里总是饿的他们想beat me down但是太困难我过的每 天都像在过新年 像过圣诞每一次受伤后 都会变更强我血液变滚烫我把我城市 背在我身上涡轮增压传来了声浪更大的 格局 run for my city我不断累积Call my Jeweler订做新的链子要闪得出水滴对比 不要再拿你们和我做对比我做的每一个动作都闪耀 像流星的轨迹Same s**t different day 嘻哈帝国被我建起我过的越来越富裕 越会让我想起曾经的点滴曾经我除了我自己 除了我自己 nobody trust me现在我家喻户晓 开上了白色的法拉利Flexin'我不用休息 24 hours 我不休息喂饱我的家人 喂饱我的兄弟 喂饱我的梦想不休息舒服的感觉给弱者 我要证明他们全部都是错的更多更详尽歌词 在 ※ Mojim.com　魔镜歌词网 我是只野兽 Let's go 总是保持警惕 胃里总是饿的我不用休息 24 hours 我不休息喂饱我的家人 喂饱我的兄弟 喂饱我的梦想不休息舒服的感觉给弱者 我要证明他们全部都是错的我是只野兽 Let's go 总是保持警惕 胃里总是饿的随便穿件白t我也能像奢侈品一样非常的高级弯道我都不需要减速拉一把手刹就可以飘逸切谈生意我把钱捆起 装到我的Burberry包里所有稀有的 好儿童 出来 集合了 当我 开始 摇旗我们不是搞起耍的 少跟我整那些假的合法挣的钱 不是抢的 我才不得管你们到底咋个想的我和我兄弟伙最超 夜店里面我们最会撩突发事件 凌晨四点 郫县到成都 我们俩个对表肌肉车油门踩起Zoom zoom 动静大 像是有恐龙眼睁睁地看到我们走红 我晓得 天生我材那就必定有用他们只看到我外表的光鲜 忽略了我有的经历回头看遍地的荆棘 这一切来之不易 我必须要捍卫我领地我不用休息 24 hours 我不休息喂饱我的家人 喂饱我的兄弟 喂饱我的梦想不休息舒服的感觉给弱者 我要证明他们全部都是错的我是只野兽 Let's go 总是保持警惕 胃里总是饿的我不用休息 24 hours我不休息喂饱我的家人 喂饱我的兄弟 喂饱我的梦想不休息舒服的感觉给弱者 我要证明他们全部都是错的我是只野兽 Let's go 总是保持警惕 胃里总是饿的版权声明：未经著作权人书面许可，任何人不得以任何方式使用(包括翻唱、翻录等)
"
 破晓(Live),"作词：马思唯作曲：马思唯我不会往下明知山有虎我偏向虎山行就让暴风雨再来猛烈点别留情向着日出的方向不断前进以柔克刚 四两拨千斤天边在燃烧 破晓他们不相信 说我做不到天边在燃烧 破晓点亮这座城池点亮眼里的目标反抗 为了家人还有兄弟 yeah闪耀整个夏天 努力整个冬季 yeah格局不一样 我把你们当空气 yeah男子汉大丈夫 要做得惊天动地 yeah红色血液沸腾 我站在紫禁之巅 yeah月光下决战 把我说的话实现 yeah如果你不理解再多给你点时间 yeah我也想要看看自己真正的极限 yeahWho you are Pull up on your block炎黄子孙 龙的传人 黄皮肤的super star我中国人 我的意志力就像万里长城更多更详尽歌词 在 ※ Mojim.com　魔镜歌词网 在上升 面对不公平的条约在抗争都站起来 新的世界新的秩序在洗牌城墙内外 留下足迹会被历史给记载全都没问题 没有什么门槛是我过不去Cuz I believe 听我站在紫禁之巅说著我不会往下明知山有虎我偏向虎山行就让暴风雨再来猛烈点别留情向着日出的方向不断前进以柔克刚 四两拨千斤天边在燃烧 破晓他们不相信 说我做不到天边在燃烧 破晓点亮这座城池点亮眼里的目标天边在燃烧天边在燃烧天边在燃烧天边在燃烧破晓版权声明：未经著作权人书面许可，任何人不得以任何方式使用(包括翻唱、翻录等)
"
 木头人,"作词：马思唯作曲：马思唯那些木头人他们动都不会动在他们眼里我像发了疯他们只想听咚咚咚咚我在说什么对他们都没有用我只用关心又赚了多少他们说的废话都站不住脚原谅我把音乐做的太超离开地面带你们head in the cloud那些木头人他们动都不会动在他们眼里我像发了疯他们只想听咚咚咚咚我在说什么对他们都没有用我只用关心又赚了多少他们说的废话都站不住脚原谅我把音乐做的太超离开地面带你们head in the cloud看着我暴走坏习惯改不掉争强又好斗进攻就是我们最好的防守谁也别想把我身上的荣耀给抢走我是你最好的榜样来学习看我们崛起把你们踩在我鞋底当我的兄弟有麻烦我第一个站出来绝不会缺席这是现实世界你没有机会耍赖人就像流水不进则退 如果不努力就会被打败所以我的每一天对我来说都是修行永远不要对自己做否定不是球员我要当球星更多更详尽歌词 在 ※ Mojim.com　魔镜歌词网 闭上我的双眼这颗球也要投进Yeah 我只要胜利昂首 挺胸 代表着正义坏人想陷害我却根本找不出证据填充满弹药我们用独特的手势打招呼有独特的暗号在这个圈子里谁比我hot三流的rapper在坐地起价听你们押韵太蹩脚我把你们踢回到学校从没把任何同行放在我眼里面这是我成功的诀窍变得像我这么迷人你花了一辈子都不可能学得到那些木头人他们动都不会动在他们眼里我像发了疯他们只想听咚咚咚咚我在说什么对他们都没有用我只用关心又赚了多少他们说的废话都站不住脚原谅我把音乐做的太超离开地面带你们head in the cloud那些木头人他们动都不会动在他们眼里我像发了疯他们只想听咚咚咚咚我在说什么对他们都没有用我只用关心又赚了多少他们说的废话都站不住脚原谅我把音乐做的太超离开地面带你们head in the cloud
"
 破晓,"作词：马思唯作曲：马思唯我不会往下明知山有虎我偏向虎山行就让暴风雨再来猛烈点别留情向着日出的方向不断前进以柔克刚 四两拨千斤天边在燃烧 破晓他们不相信 说我做不到天边在燃烧 破晓点亮这座城池点亮眼里的目标反抗 为了家人还有兄弟 yeah闪耀整个夏天努力整个冬季 yeah格局不一样 我把你们当空气yeah男子汉大丈夫 要做得惊天动地yeah红色血液沸腾 我站在紫禁之巅yeah月光下决战  把我说的话实现yeah如果你不理解再多给你点时间yeah我也想要看看自己真正的极限 yeah更多更详尽歌词 在 ※ Mojim.com　魔镜歌词网 Who you are  Pull up on your block炎黄子孙 龙的传人  黄皮肤的super star我中国人 我的意志力就像万里长城在上升  面对不公平的条约在抗争都站起来  新的世界新的秩序在洗牌城墙内外 留下足迹会被历史给记载全都没问题 没有什么门槛是我过不去Cuz I believe 听我站在紫禁之巅说著我不会往下明知山有虎我偏向虎山行就让暴风雨再来猛烈点别留情向着日出的方向不断前进以柔克刚 四两拨千斤天边在燃烧 破晓他们不相信 说我做不到天边在燃烧 破晓点亮这座城池点亮眼里的目标
"
 吹牛老爹,"作词：马思唯、Alejandro Schmitz作曲：马思唯、Alejandro Schmitz少说那些 你对我这个人并不了解你听我吹牛然后把他变成真的请叫我吹牛老爹Bad boy我是吹牛老爹身边总是围绕漂亮小姐嘴上叼个牙签 开个豪车吹牛老爹少说那些 你对我这个人并不了解你听我吹牛然后把他变成真的请叫我吹牛老爹Bad boy我是吹牛老爹身边总是围绕漂亮小姐嘴上叼个牙签 开个豪车吹牛老爹建立我的帝国说过的大话都记得每天起床先来一针鸡血遇到困难Michael Jackson I'll beat it我的兄弟都是超哥不跟你玩儿钻石项链配白T-shirt这个行业里我是领头羊喊我哥老倌其他rapper都是我的弟娃儿中国版的吹牛老爹可以喊我发哥郫县买栋别墅银行存款还有很多宣威开起妞在床上躺起活的洒脱要么聪明要么有钱你到底算哪个你说不懂我是因为你太软弱与其讨厌我不如讨厌自己懒惰你觉得我说的话太刺眼了那只能说明我是真的太闪烁把被我们干掉的废物些抬起走年轻的士兵要高傲的抬起头我们在行动 你挂在嘴里头老子是说唱明星还是个CEO少说那些 你对我这个人并不了解你听我吹牛然后把他变成真的请叫我吹牛老爹Bad boy我是吹牛老爹身边总是围绕漂亮小姐更多更详尽歌词 在 ※ Mojim.com　魔镜歌词网 嘴上叼个牙签 开个豪车吹牛老爹少说那些 你对我这个人并不了解你听我吹牛然后把他变成真的请叫我吹牛老爹Bad boy我是吹牛老爹身边总是围绕漂亮小姐嘴上叼个牙签 开个豪车吹牛老爹每一把我都要加注 do the dash 加速胆小鬼在原地踏步 每个机会我都抓住就像追太阳的夸父重复的对着墙壁挥动拳头扎马步为了不再被人欺负变得更强大更厉害对成功的渴望构成了我精神的支柱眼界都不一样你跟我少说那些那些瓜娃子些喊我出去耍我不得去不能允许我的任何一个兄弟伙超的撇有钱大家一起赚我要每个人都很出色这是成都不是纽约你要晓得漂亮妹妹排起队在等到跟我表白AFGK做的音乐比你陡些吹牛老爹我在电视里头比个oh yeah少说那些 你对我这个人并不了解你听我吹牛然后把他变成真的请叫我吹牛老爹Bad boy我是吹牛老爹身边总是围绕漂亮小姐嘴上叼个牙签 开个豪车吹牛老爹少说那些 你对我这个人并不了解你听我吹牛然后把他变成真的请叫我吹牛老爹Bad boy我是吹牛老爹身边总是围绕漂亮小姐嘴上叼个牙签 开个豪车吹牛老爹
"
 Tag,"作词：马思唯、Alejandro Schmitz作曲：马思唯、Alejandro Schmitz稀有的好儿童 点燃荷尔蒙收到任务后出动现场集体都失控  速度过快感觉到了失重你做的生意太小了 我这个才叫做大的yeah yeah看我在车里面笑着 跟着我混 吃香喝辣的A F G K that's my tag  that's my tagA F G K that's my tag  that's my tag我们努力工作一直 在干 一直在赚A F G K that's my tag  that's my tag所有的说唱小朋友们   放点尊重在我的名字上面Yall better run   别在录音棚里被我们撞见Look at my ear  look at my pinky ring 还有会转的项链我像把drako上好了膛  脑袋里塞满了唱片我只是随便的玩玩 他们就会像科学家一样研究我逛个街和我的gang gang  他们拿着炮筒生怕把我跟丢了这是我的生活 这是我的姿态 他们只能隔着萤幕感受的Too much Hennessy  明天起床我们一定又会hang over关于我的话题从没断过   我也不是故意的按照我的方式生活  突然有一天我就富裕了随便拿去花吧 桌上面放的这些都是刚赚的做一颗最耀眼的焦点 我的每个verse都是镶钻的稀有的好儿童 点燃荷尔蒙收到任务后出动现场集体都失控  速度过快感觉到了失重你做的生意太小了 我这个才叫做大的yeah yeah看我在车里面笑着 跟着我混 吃香喝辣的A F G K that's my tag  that's my tagA F G K that's my tag  that's my tag更多更详尽歌词 在 ※ Mojim.com　魔镜歌词网 我们努力工作一直 在干 一直在赚A F G K that's my tag  that's my tagMoney 到账一笔又一笔Born in 93 till infinity我的flow 变换像表演马戏听你说唱不如去看默剧Bad boy  Puff daddy冰块放进double白兰地里娱乐行业接受我的洗礼A F G K 创造下个奇蹟我们太贪心不仅搞rap music 还要搞fashionunderground 主流市场我们都要霸占我的领域才叫完整特斯拉打开鸥翼门  唱片销量直线上升到golden三条Ace握在我的手里 推到all in  这局我们十拿九稳下一步 干什么  我的热血沸腾 充满期待打开状态 根本停不下来 叫我K I N G  feel like I'm T.I跟我合作绝对靠谱的 我数钱手指都会跳舞了有法拉利lambo  双流机场接我不服气的给你救护车稀有的好儿童 点燃荷尔蒙收到任务后出动现场集体都失控  速度过快感觉到了失重你做的生意太小了 我这个才叫做大的yeah yeah看我在车里面笑着 跟着我混 吃香喝辣的A F G K that's my tag  that's my tagA F G K that's my tag  that's my tag我们努力工作一直 在干 一直在赚A F G K that's my tag  that's my tag
"
 H.O.T,"作词：马思唯、 Alejandro Schmitz作曲：马思唯、 Alejandro Schmitz女孩们都说我H O T抢著跳进我的SUV每个夜店都VIPStraight to the top 我像在坐电梯我可以给你买double C也能送你B E N Z我是他们最热衷的话题和我呆一起每天都是假期Friday night 出门找点乐子白T 墨镜 白的air force香槟白兰地摆满我的桌子选美大赛女孩们不停换著pose最有样的兄弟们都站在我的旁边空军一号中队我们随时准备航太年轻的 企业家们现在已经上线隔壁桌的女孩都在对着我们放电Uh H O T你想变得富裕那就follow me建立我的帝国A few good kids我就像是Jay-Z 掌控 R O C女孩们都说我H O T抢著跳进我的SUV每个夜店都是VIPStraight to the top 我像在坐电梯我可以给你买double C也能送你B E N Z我是他们最热衷的话题和我呆一起每天都是假期Baby girl  你总是夸我性感对于你我不再有任何隐瞒更多更详尽歌词 在 ※ Mojim.com　魔镜歌词网 So let's go 大胆推动一下进展调整到只属于我们俩的频段我的爱 在你身上不断追加感觉像 给你装了一个雷达不用说什么我知道你的回答有了你之后我现在只想回家Uh 我不再是玩家了高调地逛街把你手给拉着Only your love can take me higherSo let me be your hot boy女孩们都说我H O T抢著跳进我的SUV每个夜店都是VIPStraight to the top 我像在坐电梯我可以给你买double C也能送你B E N Z我是他们最热衷的话题和我呆一起每天都是假期A座的女孩儿get your hands upB座的女孩儿get your hands upC座的女孩儿get your hands upIf you wanna be my lady get your hands up女孩们都说我H O T抢著跳进我的SUV每个夜店都是VIPStraight to the top 我像在坐电梯我可以给你买double C也能送你B E N Z我是他们最热衷的话题和我呆一起每天都是假期
"
 今天,"作词：马思唯、 Alejandro Schmitz作曲：马思唯、 Alejandro Schmitz今天的钱今天赚今天的事今天干明天才会带给我们更多新鲜感我是个商人 空虚在我身上留下伤痕等待你的出现融化我冰冷的双唇见你第一面对你一见钟情再靠近一点就能产生共鸣他们不相信因为不解风情世界这么大 but you are my one and onlyHey lady 我脱下我的礼貌我的绅士风度他们不能比较让我为你谱写浪漫的曲调跟你说着他们学不来的语调嘘 不要轻易对我说不等到错过我后才发现是错误你美的非常纯粹很符合我的审美你要的我能给你你不要的我也能给当你说你最近过得并不快乐那就让我带你逛街买些你最爱的戒指耳环 在你身上带着你打扮的更漂亮 我也变得更帅了坐上我的马车 数着我的钞票 带着你去舞会当黑马王子的舞伴你看我的眼神里充满了抚媚让所有男人都羡慕今天晚上最拉风的一对哈哈 I say I say今天的钱今天赚今天的事今天干明天才会带给我们更多新鲜感我是个商人 空虚在我身上留下伤痕等待你的出现融化我冰冷的双唇更多更详尽歌词 在 ※ Mojim.com　魔镜歌词网 见你第一面对你一见钟情再靠近一点就能产生共鸣他们不相信因为不解风情世界这么大but you are my one and only Hey pretty young thing今晚让我变成你的prince charming我左手拿着鲜花右手拿着香槟全身上下散发出迷人的光晕爱神 he is my best friend指引你走进属于我和你的剧本让你爱上我 是我最拿手的技能想起来就兴奋 别停顿 让我闯进你的心门他们不敢靠近你 说你是个坏barbie揭开你的神秘面纱baby我不害怕你Pull up with my jet ski我带你去迈阿密I got a crush on you you got a crush on me我想要得到你我今晚就要得到把卧室布置成你最喜欢的格调我早就看出来你的口干舌燥哈哈 I say I say今天的钱今天赚今天的事今天干明天才会带给我们更多新鲜感我是个商人 空虚在我身上留下伤痕等待你的出现融化我冰冷的双唇见你第一面对你一见钟情再靠近一点就能产生共鸣他们不相信因为不解风情世界这么大 but you are my one and only
"
 不会说谎的眼睛(feat. Dragon Pig 龙猪),"作词：马思唯、Alejandro Schmitz、Longfei Li作曲：马思唯、Alejandro Schmitz、Longfei Li不会说谎的眼睛 你的身体已经做出了反应I know I know I know I knowOh 你喜欢我Baby不要再徘徊大胆地向我走过来I know I know I know I knowOh 你喜欢我我承认只有你 让我爱的抓狂看夕阳把我们影子慢慢拉长连云都是心的形状像棉花糖我们是别人嘴里面的最佳拍档收拾好行李让我带着你去度假脚下踩着沙子 我们站在棕榈树下海风吹走忧伤 也乱了你的头发我感觉这一幕像幅博物馆的油画有你在的地方都是我的主场和我一起躺下在爱的土壤为了你我愿意把一切都赌上你不在身边是没音乐的舞蹈让我抱住你 让我照顾你再也不会让你离开让我拷住你其实你什么话都不用多说你不会 说慌的眼睛 给出了我答案了不会说谎的眼睛 你的身体已经做出了反应I know I know I know I knowOh 你喜欢我Baby不要再徘徊大胆地向我走过来I know I know I know I knowOh 你喜欢我更多更详尽歌词 在 ※ Mojim.com　魔镜歌词网 在你的耳边讲些情情爱爱你有时正经有时候也奇奇怪怪追你的人被我搞的气急败坏你踮起脚尖吻我叫我 B A B Y感谢命运让你成为我同伙让我知道这个星球还有人懂我有趣的灵魂笑在一起 哭在一起我答应和你赢在一起 输在一起钻石放上戒指 戴在你无名指我不要房子车子 拥有你才叫奢侈我不顾他们阻止也要靠近你用我的温柔体贴来教训你你的手指在我胸口让我呼吸加速我的梦想希望你也能够一起加入其实你什么话都不用多说你不会说谎的眼睛 给出了我答案了不会说谎的眼睛 你的身体已经做出了反应I know I know I know I knowOh 你喜欢我Baby不要再徘徊大胆地向我走过来I know I know I know I knowOh 你喜欢我I know  (I know it girl)I know (I know it girl)I know (I know it girl)不会说谎的眼睛I know  (I know it girl)I know (I know it girl)I know (I know it girl)不会说谎的眼睛
"
 卖火柴的小女孩,"作词：马思唯、Teunn de Kruif、Espen Sturm作曲：马思唯、Teunn de Kruif、Espen Sturm把车门给我打开我来了脚踩着纯白的Air force 1在录音前喝一杯黑咖啡把我的项链都堆在桌子上你是我的朋友有意思的朋友会听得懂我在说什么我搜寻着每一个你可能出现的梦里看你在做什么当弯弯的月亮再次爬上窗台你又能够看到我站在你窗外把嘴角给扬起来 会飞出butterfly只要你有我在小女孩不用去卖火柴我只想吸引你注意力我能让你前所未有的更开心为了你更卖命 对待你更耐心在你耳边说的悄悄话更耐听是颗钻石的话我在 哪里都会闪烁只会成天抱怨的人最懒惰我和我的兄弟从不会软弱我和廖昌永都来自郫县他们都太爱我他们太迷恋靠着实力打拼 不断地积淀和你展开博弈就像是在击剑我rap像美声般高级积极向上从不消极来上课 听我教育听我的命令立正稍息天没亮我在等破晓你在我的面前太弱小我一边做生意   一边做最屌的音乐从不拐弯抹角有人出生就在等待死 而我出生 就在等待有一天会成功我是被选召的孩子 从故事 一开始我就知道我是人中之龙当我睁开眼  开始赚钱  对我现在拥有的一切 我都表示感谢更多更详尽歌词 在 ※ Mojim.com　魔镜歌词网 就算没有月光照身上 我也能获得能量 像每天晚上都是满月天黑才会醒来的吸血鬼 企业家的精神在DNA绅士又有魅力的吸血鬼 斗篷下面 包裹着迷人的七宗罪当我睁开眼  开始赚钱  对我现在拥有的一切 我都表示感谢就算没有月光照身上 我也能获得能量 像每天晚上都是满月把车门给我打开我来了脚踩着纯白的Air force 1在录音前喝一杯黑咖啡把我的项链都堆在桌子上你是我的朋友有意思的朋友会听得懂我在说什么我搜寻着每一个你可能出现的梦里看你在做什么当弯弯的月亮再次爬上窗台你又能够看到我站在你窗外把嘴角给扬起来 会飞出butterfly只要你有我在小女孩不用去卖火柴我只想吸引你注意力我能让你前所未有的更开心为了你更卖命 对待你更耐心在你耳边说的悄悄话更耐听I'm so into you I'm so into youI'm so into you I'm so into you丢掉火柴让我温暖你girl窗外下著雪花 倒映在你的眼眸Baby do u love me 你会笑着点头我问你愿不愿意 你会笑着点头Yeah yeah stay with me 跟着我的呼吸节拍和韵律I'm so into you I'm so into you 陪我玩游戏一起执行任务 我来扮演你的007坐上我的宇宙飞船 带你穿越银河系
"
 Godlike,"巨量引擎x立白2021新春时光机IP主题曲作词：马思唯作曲：马思唯外套 毛衣 牛仔裤 和 白t洗衣液 洗衣凝珠 丢进洗衣机里滚筒 搅拌 赶走所有晦气我为你  新的一年变得更有魅力uh  立白   调整到最佳的状态uh  立白  搞定了所有的障碍uh 干干净净 新年行大运uh 干干净净 一起横扫千'菌'uh 去年真的过得很不容易 朋友uh  有太多的事情不可抗力  朋友幸运的是 还有我们一起扛 朋友在黑暗的尽头 天就会变亮 朋友口罩下面 藏不住一张张笑脸春天会来的你看小朋友的双眼把所有快乐的瞬间记录在胶卷双手合十 我向着天空许著愿我希望相爱的人永远不会分开我希望正义的人不会被恶势力打败我希望受压迫的人可以不用再忍耐我希望你有梦就大胆去追别再等待uh 新年 快乐   恭喜 发财uh (立白 搞定)红包 拿来鞭炮 爆  一起放礼花2021 各种好运抢著 到你家外套 毛衣 牛仔裤 和 白t洗衣液 洗衣凝珠 丢进洗衣机里滚动 搅拌 赶走所有晦气更多更详尽歌词 在 ※ Mojim.com　魔镜歌词网 我为你 新的一年变得更有魅力uh  立白   调整到最佳的状态uh  立白  搞定了所有的障碍uh 干干净净 新年行大运uh 干干净净  一起横扫千'菌'发型 新的   手表 新的外套 新的  就连球鞋也是新的谁的压岁钱 拿的多 今晚请客传统的中国人 我们都爱金的银的my baby girl 你负责写春联我来挂灯笼把寒冷的夜  变得酒绿又灯红生活再困难 不能够忘了celebrate(坐上新春时光机)来干掉这一杯第一杯  敬所有白衣天使第二杯  敬所有保卫家的战士第三杯 第四杯 第五杯我敬所有追梦的人因为你们都还在坚持uh 新年 快乐   恭喜 发财uh (立白 搞定)红包 拿来鞭炮 爆  一起放礼花2021 各种好运抢著 到你家外套 毛衣 牛仔裤 和 白t洗衣液 洗衣凝珠 丢进洗衣机里滚筒 搅拌 赶走所有晦气我为你  新的一年变得更有魅力uh  立白   调整到最佳的状态uh  立白  搞定了所有的障碍uh 干干净净 新年行大运uh 干干净净 一起横扫千'菌'
"
 豆瓣酱,"作词：马思唯作曲：马思唯、Alejandro Schmitz双手抱头 感谢老天眷顾  99的 努力百分之一天 赋全球华人 搭上线路 都是我的合伙人在世界各地遍 布Too much sauce 我用豆瓣酱锅底烧得发红 油温烧到滚烫Too much sauce 我用豆瓣酱脚底 抹了油  艾弗森在变相Ride around town like 豆瓣酱小兔子们快点跑啊 现在大解放一身白的西装 发表获奖感言我和我的兄弟们都来自大街上24k我们不玩电镀  我的火眼金睛能够识别所有骗术刚入行的小朋友别急着辩护 你的羡慕嫉妒毫无保留刻在面部M A S I W E I  都在夸我厉害各路神仙都拜托我 收下他们膝盖服装产业链 娱乐产业链 都走起来a few good kids 这是生活 这是姿态豆瓣酱 我的音乐太辣  赚太多 我像是开了外挂坐在原地不动 你是个呆瓜  你的娱乐神经我来帮你开发这笔 有搞头  我们干杯  人生如戏 life is a movie我燃烧的斗志从来不会枯萎我用的我的实际行动让他们都住嘴双手抱头 感谢老天眷顾  99的 努力百分之一天 赋全球华人 搭上线路 都是我的合伙人在世界各地遍 布更多更详尽歌词 在 ※ Mojim.com　魔镜歌词网 Too much sauce 我用豆瓣酱锅底烧得发红 油温烧到滚烫Too much sauce 我用豆瓣酱脚底 抹了油  艾弗森在变相不要 轻易站我旁边  钻石 太闪  闪得就像一道闪电说我是 rapper  那未免太过片面   我是一个企业家把梦想全都变现V 8 涡轮增压 传来声浪   聚光灯  pose 落在我的身上我能让 宅男们 都变得奔放 lets go 稀有好儿童们全都跟上我曾是 学校 里面最调皮的  但当我说唱 变成布拉德 批特Hiphop恶魔果实吃了让我变的swagger一秒钟都不想坐下 我要一直站着感受下我的威力 international 我的魅力大师兄归位直接飞起  stay on the top 代表我的city 制定属于我的规则制定属于我的规矩 uhuh 收拾好行李我开始历险 偶尔的失败也无法避免感受不到痛就不会疲倦  燃烧的火焰在瞳孔里面郫县 豆瓣 酱 我把我的城市 扛在我的肩上黑马王子 四海为家 已经开始出现人传人的现象 uh双手抱头 感谢老天眷顾  99的 努力百分之一天 赋全球华人 搭上线路 都是我的合伙人在世界各地遍 布Too much sauce 我用豆瓣酱锅底烧得发红 油温烧到滚烫Too much sauce 我用豆瓣酱脚底 抹了油  艾弗森在变相
"
 为什么,"作词：马思唯作曲：马思唯说走就走为什么你上了他的车为什么电话都不接为什么连头也不会回为什么雨下的这么大为什么还是忘不掉为什么我想不明白 为什么相爱的人却总会分开 为什么说走就走为什么你上了他的车为什么电话都不接为什么连头也不会回为什么雨下的这么大为什么还是忘不掉为什么我想不明白 为什么相爱的人却总会分开 为什么有我陪你绝对安全的对我的偏见是片面的年轻有为和我关联著我们是被上帝给眷顾的有多少人看我们羡慕呢有多少人看我们厌恶呢我从不在乎他们说什么你的美丽让我彻底的陷入了粉红的鲜花和贺卡送到你家一起吹灭蜡烛把愿望许下昨天的明天是今天你给我每天都有新的启发因为见不到你我思维混乱被爱冲昏头脑我变成笨蛋深蓝色的海洋是如此浩瀚我错以为你的小船会向我靠岸而我手机 再也 收不到 你信号房间空空荡荡 变成一个冰窖我在阳台唱为你写的歌你能否听到你走后 我的心脏 忘记该 怎么心跳说走就走为什么你上了他的车为什么电话都不接为什么连头也不会回为什么雨下的这么大为什么还是忘不掉为什么我想不明白 为什么相爱的人却总会分开 为什么更多更详尽歌词 在 ※ Mojim.com　魔镜歌词网 说走就走为什么你上了他的车为什么电话都不接为什么连头也不会回为什么雨下的这么大为什么还是忘不掉为什么我想不明白 为什么相爱的人却总会分开 为什么于是我告诉自己不能再等如果你不爱我的话就快滚既然已经做不了你爱人那就拼命赚钱 学着当个坏人学人做大哥 学人炒股不会做饭我就请个保姆别人嘴里面的钻石王老五我在我的后院开始养起老虎ktv 还有夜总会 我都是VIP会员还可以贵点 两个R 在我车头上帮我开车门 妞在抛媚眼私人飞机出行 我不管交通股票上市 纳斯达克敲钟名流贵族向我靠拢希望工程我去捐了所高中但是 我已经彻底输了你就算赢了世界也 变得没任何意义空虚还有痛苦伴随我在每一个夜里又再问我自己问过几百万次的问题说走就走为什么你上了他的车为什么电话都不接为什么连头也不会回为什么雨下的这么大为什么还是忘不掉为什么我想不明白 为什么相爱的人却总会分开 为什么说走就走为什么你上了他的车为什么电话都不接为什么连头也不会回为什么雨下的这么大为什么还是忘不掉为什么我想不明白 为什么相爱的人却总会分开 为什么
"
 白天做梦,"作词：Siwei Ma, Corey Ricketts作曲：Siwei Ma, Corey Ricketts今年夏天将会变得不一样了我开始成熟不再那麽的倔强了当这首歌在商店循环地播放著我再也不用傻傻站在橱窗外面看了我带着微笑 向经过的人打招呼我相信爱可以把仇恨紧紧包住我还要继续唱就算被贴上胶布会一直爬呀爬到他们达不到的高度我开始相信用音乐能传递力量每当你无助时我变成撑着你的臂膀如果你需要我也能够变成你的翅膀带给你勇气陪你去你最想去的地方我看到还有很多的人经历和我相同听到这一句的时候鼻子酸了眼眶发红如果用爱和希望来给这世界做点缀走在一望无际的沙漠里也像身在花丛这首歌写在1万一千米的高空决定要做个伟大的音乐人那年刚上高中柳树在摇著 知了 叫得快要 发疯更多更详尽歌词 在 ※ Mojim.com　魔镜歌词网 我闭着眼睛站在台上一切竟是如此相同懂我的人 都 知道我 一点没变都一直陪着我哪怕我 兜里没钱我可以在街头也可以在剧院里唱刚买了宝马I8这是我的第二辆我 白天做梦 晚上睡觉白天做梦 晚上睡觉白天做梦 晚上睡觉白天做梦 晚上睡觉白天做梦 晚上睡觉白天做梦 晚上睡觉今年夏天将会变得不一样了我开始成熟不再那麽的倔强了当这首歌在商店循环地播放著我再也不用傻傻站在橱窗外面看了你职业生涯里的噩梦 是把我给遇到我留下感叹号 同时给你画上句号我坐上王位的瞬间是新一季的剧照正片都还没开始这一切只是个预告
"
 Successful,"作词：Siwei Ma, Alejandro Schmitz作曲：Siwei Ma, Alejandro Schmitz嗅到了成功的气味坏人们都被我击退这感觉如此的亲切赞扬声再给我多些SuccessfulI wanna be successfulI wanna be successfulSuccessfulSuccessful第一绝对讲兄弟义气有难同当有福同享然后第二永远保护你的家人不管遇到什么情况接着第三永远相信自己不一般不管他们喜不喜欢最后第四记住自己发过的誓在歌词本上写下过的字记住成功真的没有捷径你必须为之付出努力翻山又越岭你必须坚持你的信念必须提前做好准备在你成功之前说的话都没人信So do your thing打赢这场属于你自己的战争勇往直前do your thing生活是场不能NG的电影在危机四伏的陷阱别忘了你有主角命They know, they know, they know, they knowThey know, they know, they know, they know嗅到了成功的气味我击退这感觉如此的亲切赞扬声再给我多些更多更详尽歌词 在 ※ Mojim.com　魔镜歌词网 SuccessfulI wanna be successfulI wanna be successfulSuccessfulSuccessfulI put my team on my 肩上又一个通宵录到天亮我散发的光茫把城市给点亮不停在兑现许的愿望勇敢地战斗谋杀着伴奏把虚伪的嘴脸都看透我挥动着拳头你怕的话就躲在角落里颤抖Ay 这是勇敢者的游戏胆小鬼躲在家里你就别再跟我讲什么道理我不做的话谁来做呢我要拿走那些属于我的因为就连青蛙也有机会变成王子的I told youThey know, they know, they know, they knowThey know, they know, they know, they know嗅到了成功的气味坏人们都被我击退这感觉如此的亲切赞扬声再给我多些SuccessfulI wanna be successfulI wanna be successfulSuccessfulSuccessful
"
 黑马王子,"作词：Siwei Ma, David Garcia-Garci-Nuño, Edward Murray作曲：Siwei Ma, David Garcia-Garci-Nuño, Edward MurrayI ain't worried bout nothin' girl听到马蹄声响起let's rollI ain't worried bout nothin' girl穿过挪威的森林让我走进你梦里Ride with meRide with meRide with meRide with meRide with meRide with meRide with meRide with me夕阳落在我的铠甲王子不一定骑白马湖面泛着我的倒影我点燃了手上的火把黑马王子黑马王子四海为家是我生存的态度浪迹天涯一批黑马陪我瞳孔里写满我谁都不在乎很潇洒却不能对你停止想念你遇到危险我会马上出现骑着黑马挥舞着我的宝剑我登场带着耀眼的光线My shit go stupid 但我很聪明在这个世界没有公不公平我迷失在这片挪威森林只有你的爱才能让我清醒得儿驾Prince charming turn upYamasaki on the rocksI'mma pull up on your blockMustang burn out离开家去流浪爬的再高我也不会忘成都city where I'm fromI ain't worried bout nothin' girl听到马蹄声响起let's rollI ain't worried bout nothin' girl穿过挪威的森林让我走进你梦里Ride with me更多更详尽歌词 在 ※ Mojim.com　魔镜歌词网 Ride with meRide with meRide with meRide with meRide with meRide with meRide with me22岁离家出走没人支持我他们总是觉得小城市更适合我现在我腰缠万贯而你还在做梦呢快睁大眼睛看看我是怎么做到的谁说小人物不能书写神话看一看那些愚蠢的人啊受过教育的不代表有文化凶神恶煞却没有一个能打没有天赋但你可以更努力厨师也不是天生就有厨艺行动比说句话更让人服气受的伤在成功面前可以忽略不计得儿驾Prince charming work hard这是真的不是漫画别再坐着你该stand upMustang burn out离开家去流浪Boy I do that sh*t for funBoy I do that sh*t for funI ain't worried about nothin' girl听到马蹄声响起let's rollI ain't worried about nothin' girl穿过挪威的森林让我走进你梦里Ride with meRide with meRide with meRide with meRide with meRide with meRide with meRide with me
"
 别害怕,"作词：Siwei Ma, Roget Lutfi Chahayed作曲：Siwei Ma, Roget Lutfi Chahayed别害怕我会一直陪在你的身边你别害怕有一天你也会闪闪发光Oh 别害怕Money can't change my mind my soul所以别害怕别害怕棒我最棒整个club 都在看我Un 我最棒你的女朋友想电我Young young Masiwei 太成功也不能怨我爱我讨厌我都不可能改变我你的人生目标找到没是不是还觉得世界好不公平经常抱怨自己好倒霉成长没有机会交补考费照照镜子问问你哪位历史不能改变但我们可以改变未来Everything is gonna be ok我做你的阳光罩着你我是你的Peter Pan 保护你就算山峰再高也挡不住你攀登你会变得非常的了不起你的胆怯可以put it on me你的害怕可以put it on me请把那些人对你的误解在你背后的嘲笑和压力全都put it on meCuz I always got your backMaybe they won't understand让我帮你挡子弹yeah就算世界末日有我在你身边别害怕我会一直陪在你的身边你别害怕有一天你也会闪闪发光Oh 别害怕Money can't change my mind my soul所以别害怕更多更详尽歌词 在 ※ Mojim.com　魔镜歌词网 别害怕棒我最棒整个club 都在看我Un 我最棒你的女朋友想电我Young young Masiwei 太成功也不能怨我爱我讨厌我都不可能改变我Henny只喝纯的从不需要勾兑Rich boy 不止赚钱其他都会想要买的东西从不计较多贵做我喜欢做的事就不会说累冲的太快该冷静几秒钟车窗摇下让我脸吹点风my DNA 你没办法克隆空气中弥漫着我的Gucci cologne我是黑马王子过的潇洒有事到我别墅里来说吧这张专辑被我打造堪比巴黎卢浮宫的奢华统治的范围在不断扩大睡觉都在赚现金摞起来一堆又一堆放在我的玩具展示柜我热血沸腾充满激情年轻得像刚满二十岁就连老天爷都被我感动留下钻石泪No cap oh snap没品位你不是我的伙伴I'm swagging, I rap我出场费很贵需要按秒算别害怕我会一直陪在你的身边你别害怕有一天你也会闪闪发光Oh 别害怕Money can't change my mind my soul所以别害怕别害怕棒我最棒整个club 都在看我Un 我最棒你的女朋友想电我Young young Masiwei 太成功也不能怨我爱我讨厌我都不可能改变我
"
 天生我材必有用,"作词：Siwei Ma, Alejandro Schmitz作曲：Siwei Ma, Alejandro Schmitz天生我材那就必定有用只要你还有梦we fly high we too cozy来一起打破诅咒天生我材那就必定有用不认输就有救你勇敢地往前走有老天爷在保佑掌声送给还在奋斗中的你如果痛的话那就必须痛彻底掌声送给还在奋斗中的他因为总有一天墙角也会盛开花如果我可以那么代表你们也可以不要躲起你只需要多给自己点勇气如果我可以那么代表你们也可以成为想要成为的人只要你足够努力你要混那就混的有模有样朋友the world is yours 他就在你手上朋友你要超那就超个名堂出来朋友The world is yours 等到你来主宰朋友The world is yours天生我材那就必定有用只要你还有梦we fly high we too cozy来一起打破诅咒天生我材那就必定有用不认输就有救你勇敢地往前走更多更详尽歌词 在 ※ Mojim.com　魔镜歌词网 有老天爷在保佑我们真的觉得你没天赋你肯定办不到连钱都挣不到自己都喂不饱因为我们都很爱你全都是为你好等你长大你就晓得了现在你还小等我长大我会成为superstarPrivate jet 带我世界各地耍剪刀门pull up把造型摆好Look at me now, look at me now你要混那就混的有模有样朋友the world is yours 他就在你手上朋友你要超那就超个名堂出来朋友the world is yours 等到你来主宰朋友the world is yours天生我材那就必定有用只要你还有梦we fly high we too cozy来一起打破诅咒天生我材那就必定有用不认输就有救你勇敢地往前走有老天爷在保佑掌声送给还在奋斗中的你如果痛的话那就必须痛彻底掌声送给还在奋斗中的他因为总有一天墙角也会盛开花
"
 没有人会不爱音乐,"作词：Siwei Ma, Teunn de Kruif, Dylan van Dael作曲：Siwei Ma, Teunn de Kruif, Dylan van Dael他们害怕听到我的音乐分享我的音乐害怕主流市场发现我后集体失业AFGK 他们心里都明白We run this game 会让整个联盟停摆看着我们怎么做的纸醉金迷我们怎么过的我想表达的没法用语言说呢就只有音乐只有音乐没有人会不爱音乐So I made a song like this如果我不能在你身边You can play this songYou can play this快把我装进你的口袋快把我装进你最爱的随身听我能读懂你的眼泪我也懂你为什么笑得很开心闭上眼睛只有我和你Baby you can be who you wanna be整个世界只有我和你you and me我是那个永远不会离开的永远不会背叛的我是那个永远不会欺骗的让你让你让你可以依赖的散步公交还是坐地铁春夏秋冬任何的季节更多更详尽歌词 在 ※ Mojim.com　魔镜歌词网 坐船坐飞机跟着你的轨迹成功或失败我都会一直陪你没有人会不爱音乐So I made a song like this如果我不能在你身边You can play this songYou can play this快把我装进你的口袋快把我装进你最爱的随身听我能读懂你的眼泪我也懂你为什么笑的很开心闭上眼睛只有我和你Baby you can be who you wanna be整个世界只有我和你you and meAFGK a few good kidsAFGK a few good kidsAFGK a few good kidsAFGK a few good kids快把我装进你的口袋快把我装进你最爱的随身听我能读懂你的眼泪我也懂你为什么笑得很开心闭上眼睛只有我和你Baby you can be who you wanna be整个世界只有我和你you and me
"
 Can I Have Your Number,"作词：Siwei Ma, Jaylon Roberts作曲：Siwei Ma, Jaylon RobertsCan I have your numberCan I have your numberCan I have itCan I have your numberCan I have itCan I have it have itCan I have your numberCan I have your numberCan I have itCan i have your numberCan I have itCan I have it have itBoyfriend长得帅Your boyfriend惹人爱Your boyfriend练了8块腹肌Boyfriend会做菜Your boyfriend很优秀Your boyfriend pay your bills我问你有没有boyfriend你摇著头说no所以Can I have your numberMaybe you can stay lil bit longer和我一起过summerCuz only your love can make me higherCan I have your numberCan I have it can I have itCan I be your partnerCan I be your lover, sister, and brother更多更详尽歌词 在 ※ Mojim.com　魔镜歌词网 I'm soul brother送你回家我是你的private driverCan I have your number在私人飞机上你做我private dancerOh can I your numberI really wanna you be my girl让我做你的黑马王子配在你身边做你影子把你当作我白雪公主每秒都很浪漫每天都不会重复Can I have your numberCan I have your numberCan I have itCan I have your numberCan I have itCan I have it have itCan I have your numberCan I have your numberCan I have itCan I have your numberCan I have itCan I have it have itBoyfriend长得帅Your boyfriend惹人爱Your boyfriend练了8块腹肌Boyfriend会做菜Your boyfriend很优秀Your boyfriend pay your bills我问你有没有boyfriend你摇著头说no
"
 花花公子(feat. step.jad),"作词：Siwei Ma, Teun de Kruif, Aijiati Rouzi作曲：Siwei Ma, Teun de Kruif, Aijiati RouziThey be likeMasiwei就是个花花公子我认识的人都是这么说的oh 真的你仔细想想看rap star过的生活他不可能会爱你这么深的oh 真的我只是没有办法眼睛不看着他我想要他的微信号码还有电话我想要跟他单独约会和他面对面他看着我的时候我什么都听不见你这个笨女孩他不可能奔着你来别再幻想了快睡了明天振作起来甜蜜的情话他不知道给多少女人说过真龌蹉我怎么会听这种人的歌呢4 AM 他换第7个酒吧他难道不觉得他身边的妞丑吗我才不关心今晚他会带谁走呢反正是替补球员而我才是首发不要轻易相信他们说我是个花花公子花天酒地的生活也不是我想要的方式直到我遇到你遇到你为你心动我只为你心动Verse 2:我在角落里坐着打量著过客被陌生人围绕我的table 在不停喝着我假装再喝Henny 其实是Coca Cola看每个人都醉了只有我一个人sober她们有的甚至叫不出我名字I just wanna be rich, I Don't wanna be famous我其实并不快乐厌倦了这一切我寻找的是灵魂伴侣不只过一夜就在三点钟的方向我看见她出现了所有人都变成绿叶衬托这只鲜花她从我身边经过像是对我施了魔法Konichiwa Hola 快来我身边坐下更多更详尽歌词 在 ※ Mojim.com　魔镜歌词网 4AM 她还不跟我说话我想要知道她的名字年龄多大我想要牵着她的手一起离开和我一起书写最浪漫的题材不要轻易相信他们说我是个花花公子花天酒地的生活也不是我想要的方式直到我遇到你遇到你为你心动我只为你心动我不想说教你不用脱掉我们就简简单单聊天会有多妙我对我爱的每个女人保持绝对的尊重感谢你给我灵感让我歌词写更生动你可以装作我的助理私人助理我的感情问题全都交给你来处理恋爱的人看起来so stupidI'm not player any more but they don't believebut they don't believebut they don't believebut they don't believeI'm not player any more but they don't believebut they don't believebut they don't believebut they don't believeI'm not player any more but they don't believe不要轻易相信他们说我是个花花公子花天酒地的生活也不是我想要的方式直到我遇到你遇到你为你心动我只为你心动不要轻易相信他们说我是个花花公子花天酒地的生活也不是我想要的方式直到我遇到你遇到你为你心动我只为你心动
"
 Private Party(feat. KnowKnow),"作词：'Siwei Ma, Roget Lutfi Chahayed作曲：'Siwei Ma, Roget Lutfi ChahayedLet's go 我带你去个private party你像只蝴蝶飞进我的家里Spend some time with me kiss me hug me你需要我的时候我正刚好落地你美得好不真实仿佛活在画里流浪的画家为你再次拿起画笔我翻遍所有莎士比亚写的poetry只为了查到能够形容你的那一句I'm so cocky 但对你却会害羞I crush a lot but ain't nobody like you你笑的时候嘴角像是抹了奶油You fine as hell baby I send you YSLPush the start 那就马上出发吧A star is born 你是我的Lady Gaga前男友发消息叫你陪他他送你玫瑰花我送你一个家Oh baby 欢迎光临跟我来到房顶yeah在这里没人能打扰你放肆对我调皮yeah就让他们去猜yeah谁才是我的女孩yeah在我家等你来yeah等待你来分享我的爱yeah我可以陪你喝也可以陪你跳yeah快进来我的怀抱Welcome to the private party, let's work it out更多更详尽歌词 在 ※ Mojim.com　魔镜歌词网 verse 2把车停在小巷不让粉丝发现有特殊通道带你走进我的花园今晚直到明天天亮之前除了你我和全世界都已经失联This private party only you and me在我身边不会让你委屈爱对我来说曾经是道难题遇到你之前我的心冷得就像南极微风拨动你的头发心空也希望你能留下心底那片冰川只有你能融化像安徒生笔下写的童话我希望我的行为没有做太过火你的每个小动作都在说爱我Hush 为我守住这个秘密下次见面换个地点继续you feel meOh baby 欢迎光临跟我来到房顶yeah在这里没人能打扰你放肆对我调皮yeah就让他们去猜yeah谁才是我的女孩yeah在我家等你来yeah等待你来分享我的爱yeah我可以陪你喝也可以陪你跳yeah快进来我的怀抱Welcome to the private party, let's work it out
"
 天生我材必有用,"作词：SiWei Ma, Alejandro Schmitz作曲：SiWei Ma, Alejandro Schmitz天生我材那就必定有用只要你还有梦we fly high we too cozy来一起打破诅咒天生我材那就必定有用不认输就有救你勇敢地往前走有老天爷在保佑掌声 送给还在奋斗中的你如果痛的话 那就必须痛彻底掌声 送给还在奋斗中的他因为总有一天墙角也会盛开花如果我可以 那麽代表你们也可以不要躲起 你只需要多给自己点勇气如果我可以 那麽代表你们也可以成为想要成为的人只要你足够努力你要混 那就混的有模有样 朋友the world is yours 他就在你手上朋友你要超 那就超个名堂出来 朋友The world is yours 等到你来主宰 朋友The world is yours天生我材那就必定有用只要你还有梦we fly high we too cozy来一起打破诅咒天生我材那就必定有用不认输就有救你勇敢地往前走更多更详尽歌词 在 ※ Mojim.com　魔镜歌词网 有老天爷在保佑我们真的觉得你没天赋  你肯定办不到连钱都挣不到 自己都喂不饱因为我们都很爱你 全都是为你好等你长大你就晓得了 现在你还小等我长大我会成为superstarPrivate jet 带我世界各地耍剪刀门 pull up把造型摆好Look at me now, look at me now你要混 那就混的有模有样 朋友the world is yours 他就在你手上朋友你要超 那就超个名堂出来 朋友the world is yours 等到你来主宰 朋友the world is yours天生我材那就必定有用只要你还有梦we fly high we too cozy来一起打破诅咒天生我材那就必定有用不认输就有救你勇敢地往前走有老天爷在保佑掌声 送给还在奋斗中的你如果痛的话 那就必须痛彻底掌声 送给还在奋斗中的他因为总有一天墙角也会盛开花
"
 REFRESH,"作词：马思唯作曲：马思唯编曲：HARIKIRI她很善良 身材辣 但做的菜没我妈妈好工资高 工资低 做喜欢的事情才更重要和朋友合租的房 他们都对我很友好年终奖不多刚刚好 够我给爸爸买一支新手表fresh refresh   asian dreads lookin freshfresh refresh   that type music sounding freshwish I wish 家人不要为我担心我enjoy 我的电影 新年快乐everybodyuh ayy 大家好   三姑六婆大家好我在外面很开心过的和你儿子一样好打我喜欢的游戏 收集喜欢的玩具放我喜欢的cd 想放多大声都可以每天都穿新球鞋 过完年后去纽约喝雪碧 feel so lit 但是还是不抽烟我过我的生活也爱我的生活更多更详尽歌词 在 ※ Mojim.com　魔镜歌词网 努力创造童年想像中的生活我拒绝 和你们 过一样的生活有才华有样这些都是我的bankrollhigher brothers got sauce  harikiri got sauce做你最喜欢的调子 做你最喜欢的调子higher brothers got 酱 harikiri got 酱你 也 感同身受的话 下面这段 跟我一起唱她很善良 身材辣 但做的菜没我妈妈好工资高 工资低 做喜欢的事情才更重要和朋友合租的房 他们都对我很友好年终奖不多刚刚好 够我给爸爸买一支新手表fresh refresh   asian dreads lookin freshfresh refresh   that type music sounding freshwish I wish 家人不要为我担心我enjoy 我的电影 新年快乐everybodyhigher brothers got sauce  harikiri got sauce
"
 登机,"作词：马思唯作曲：马思唯中文说唱除了我之外都要被区别对待My punchline 像本嘻哈圣经被人跪拜我和我的家族兄弟拳头一致对外我们的最爱是sipping Henny干掉假的rappers当做配菜你们要记得招惹我们跳火坑是不会有存活率的你吞了麦克风也无法像我一样押韵我呼吸的是空气Hip hop是维他命多长时间没听见把rap能玩的这么领先顶尖的技术能把整个圈子翻一面你软的像个绣花枕头而我像砖头修理你用扳手任何的风格都能handle但你无法handle dat 这首是battle rap聪明的小孩已经在始在写观后感谋杀音轨的罪犯在向你发射飞弹这首歌发布的日期就是你的dead line机场的广播在催促我'登基'我感觉像加冕黄袍缠绕我身体把安全带给系上这flow像遇到强气流我轰炸整个行业就像彗星撞地球他们像科学家问我句子如何造的热单的公式如何套的是如何绕的我回答他们说我只是听着beats乱押他们不信我说那你去问Biggie and Pac更多更详尽歌词 在 ※ Mojim.com　魔镜歌词网 Uh real rap yeah黑马Check me outUh 我的敌人喜欢拉帮又结汇他们单挑干不过我所以搞乐队他们的简历上全是跟我相关的事蹟离开我像鱼离开水相当于窒息我是捕猎的雄狮我欢迎你碰瓷你把从头到脚全副武装也是在送死你是井里面的青蛙而我是辛巴过几百年后的我的歌会变成唐诗和宋词这里too dangerous for you 你没法着陆你不属于这种生活快离开我的国度我在rap的时候下手重Knock your bone领跑圈子又一个春夏秋冬开G Wagon 持续把领地开垦谁在按快门我的演唱会门口排队像条dragon见到我嘴要甜黑马王子开始表演全程没尿点我rap等级开飞机你还没拿驾照Check 我接着写it's killer **** 在横行霸道电锯惊魂我换成了笔炫技建议把你意见留在裤拉链里you dig？
"
 候鸟,"作词：马思唯作曲：马思唯我保持饥饿的状态如果你累的话你可以先睡还有更重要的事情在等着我必须要独自面对我天不怕地不怕直到发现你成为我唯一的软肋我不止为我自己战斗请你把一切都交给我捍卫Life style crazy like Tony Montana 年轻人学习我成功的方法EVO夜里黑的很光滑住在成都我像哥谭市蝙蝠侠All black I got humble swag on me Play wit me我让你玩上瘾Hennessy Hennessy再给我开两瓶她逗我开心我送给她diamond ring我玩的flow花哨像骨头收集者把你的脚晃断快点去打钢钉AFGK训练有素的部队我向你敬礼叫我马将军Rap game最高悬赏金额是我但却没人敢来拿奖金我们在台上疯狂洒水我们还喜欢在夜店里洒香槟玩的肆无忌惮降低底盘出门找点事干When I rap我的灵感不断就像AK47 full clip装满子弹Fa fa fa fa fa 开着兰博基尼吹着风潇洒Party like rockstar通宵耍one shot two shot take it to the top你们太年轻在我面前低调不要轻易卖弄出门打听打听中文说唱现在靠谁在带动更多更详尽歌词 在 ※ Mojim.com　魔镜歌词网 他们学我的帅从辈分上来说应该叫我外公我们way to high 冲破大气层已经飞上了太空努力往上游穿过了水面我又够能畅快的呼吸再长的黑夜都一定会过去又会有新的阳光给我沐浴她笑的像舒淇重庆森林我们一遍又一遍的复习感谢她choose me翻云又覆雨陪伴我刷新著行业的数据I feel like bird 都在往温暖的南方飞冬天我偏偏往北方跑听我发张专辑像满汉全席你们做的垃圾食品对胃不好你来者不拒看你贪婪的样子就像只狗怎么都喂不饱别说你是rapper这是我助理的number call her if you need a job起飞我的候鸟飞我的候鸟起飞我的候鸟飞我的候鸟起飞我的候鸟飞我的候鸟起飞我的候鸟飞我的候鸟起飞我的候鸟飞我的候鸟(搞点钱钱去搞点钱)起飞我的候鸟飞我的候鸟(搞点钱钱去搞点钱)起飞我的候鸟飞我的候鸟(搞点钱钱去搞点钱)起飞我的候鸟飞我的候鸟(搞点钱钱去搞点钱)
"
 Beast Mode,"作词：马思唯作曲：马思唯No matter你是否有感觉你的眼神足够让我瞬间穿越我的心因为你而不再残缺渴望我的灵魂能够和你连接You so fine被你牵着我的鼻子走一个吻直接把我变成beast modeWhere you at快点给我你的city code怎么拒绝我猜你根本没理由你没理由yeahYou so fine被你牵着我的鼻子走一个吻直接把我变成beast mode让我带你出去逛后视镜被震的晃我唱的不好也要唱你让我感觉像是Chris Breezy Chris BrownYeah 他们连我第一步都跟不上Forgiatos轮毂转动跟我项链一个样行业里面名列前茅但我从来不骄傲坐上我的副驾跟着我再继续干一票更多更详尽歌词 在 ※ Mojim.com　魔镜歌词网 Yeah I'm rapper not a R&B singerPull up with my gang pull up in my 2 seater如果你需要我baby I'll be there任何时间任何地点I'll be thereYeah I'm rapper not a R&B singerPull up with my gang pull up in my 2 seater如果你需要我baby I'll be there任何时间任何地点I'll be thereI'll be there(I'll be there yeah yeah yeah yeah)No matter你是否有感觉你的眼神足够让我瞬间穿越我的心因为你而不再残缺渴望我的灵魂能够和你连接You so fine被你牵着我的鼻子走一个吻直接把我变成beast modeWhere you at快点给我你的city code怎么拒绝我猜你根本没理由你没理由yeahYou so fine被你牵着我的鼻子走一个吻直接把我变成beast mode
"
 后台 Interlude,"作词：马思唯作曲：马思唯内幕我是你最硬的后台but sometimes I stay cool假装对你不理又不踩Girl I really need youI can do anything for you你和谁在一起过我不管随便他们对我多不满更多更详尽歌词 在 ※ Mojim.com　魔镜歌词网 我爱你没有内幕我是你最硬的后台but sometimes I stay cool假装对你不理又不踩Girl I really need youI can do anything for you你和谁在一起过我不管随便他们对我多不满
"
 内幕,"作词：马思唯作曲：马思唯如果你需要我那就把你爱给我你需要我那就不必怕结果我有钥匙能够把你心解锁都是受害者被你的美打劫过我在你的手机存下情感的热线只要你call me绝不会占线从别人嘴里了解的我多片面还不如你有时间那就跟我多见见你是VIP跟我出没各种场所他们都认识我不用see ID我要巡演带你一起飞外地你是个原因now they wanna be like meUh drop top my Rarri 跟我一起下坠风吹乱你头发I'm sorrySugar daddy我来陪你什么糖都给你Girl you are killing me you really really drive me crazy我爱你没有内幕我是你最硬的后台But sometimes I stay cool假装对你不理又不踩Girl I really need youI can do anything for you你和谁在一起过我不管随便他们对我多不满把你的手放在我的方向盘上未来有多困难I won't scare她们发的私信I don't care只想给你安全感that's why I'm here更多更详尽歌词 在 ※ Mojim.com　魔镜歌词网 R&B和你陪我一整夜我的mic too hot不会冷却有多潇洒我用flow 表达文字搭配节奏传递的意思才最准确我要赢整个世界都是我的但我是你的你对我的猜疑都是太多余的A Few Good Kids turn into good men对你很专一不需要情感顾问写情歌是我的强项其他rapper在我面前出尽洋相they ain't about that life他们不属于的给我提的意见我也不想再提了我爱你没有内幕我是你最硬的后台But sometimes I stay cool假装对你不理又不踩Girl I really need youI can do anything for you你和谁在一起过我不管随便他们对我多不满我爱你没有内幕我是你最硬的后台But sometimes I stay cool假装对你不理又不踩Girl I really need youI can do anything for you你和谁在一起过我不管随便他们对我多不满
"
 你我几兄弟,"feat. Ty. & Melo & KnowKnow & PSY.P作词：马思唯、Ty.、Melo、KnowKnow、PSY.P作曲：马思唯、Ty.、Melo、KnowKnow、PSY.PMasiwei：你我几兄弟都是兄弟都是好兄弟辈子兄弟做点小生意和我兄弟你我几兄弟都是兄弟你我几兄弟都是兄弟都是好兄弟辈子兄弟做点小生意和我兄弟你我几兄弟都是兄弟你我几兄弟赚钱容易不是超人但是都有钞能力都非常了不起都是盖茨比你我几兄弟都是兄弟我的大哥接我开起JDM发上出发到达下一个据点我们开的太快你要把细点你胆子太小看到我们请闭眼我在搞音乐但我不懂乐器我站在麦克风前面在耍特技在你们耳朵上面留下了血迹对待外人我从来不得客气猛的像暴龙我穿梭在侏罗纪在成都我是G-Unit的50Get rich or die tryingGet rich or die trying成都集团Higher gang we're flying high你我几兄弟都是兄弟都是好兄弟辈子兄弟做点小生意和我兄弟你我几兄弟都是兄弟Ty.:把手搭到我的兄弟肩膀上我们街上晃街上好多人也在搞说唱但跟我们都不像要我们几兄弟搞得才叫棒漂亮听他们的歌我听得脑壳旷尿涨我们很嚣张说唱圈的高光想要哪种的我们都有说唱圈的超商深情演奏欢迎选购卖的不是包装他们不是你的婆娘他们只是糟糠他们在苟且分清楚优劣脑壳有问题分不清怪不得你会纠结他们是bull****脑壳头有铁1 2 3 4 5 6 7 8刚好九节Melo：我和我的兄弟太古里开舖子赚的钱都快要溢出我的裤子你们慢的就像乌龟我像兔子更多更详尽歌词 在 ※ Mojim.com　魔镜歌词网 给每个做衣服的兄弟发送我的住址Yeah 我们赚钱就像微商每天过得特别开心你们悲伤Yeah 我婆娘排骨烧的非香在我的地盘遵守我们定的规章老子脑壳头的点子多的用不完我的猫太大了该要送去动物园跟到我们投资没有任何风险如果没有我们那整个行业直接冬眠Masiwei：你我几兄弟都是兄弟都是好兄弟辈子兄弟做点小生意和我兄弟你我几兄弟都是兄弟KnowKnow：Time is money money 给我兄弟想耍什么游戏哥几个都耍的起不止耍的起还要耍的刁钻哥老官弟娃儿全耍成哥老官搬家哪里巴适往哪搬家一通电话呼叫来了几台HummerVroom vroom vroom vroom vroom 兄弟们快冲在一环二环三环四环五环到处拱兄弟go get that money go get that money go成功在跟我们招手三分接着投兄弟们都在我的身边感觉特别的higher有话都直说勇往直前从不拐弯儿PSY.P:西装革履甩尖子皮鞋各大品牌都想让我走他们的T台跟兄弟伙些一起赚钱轻松又愉快身边全是网红明星没有普通女孩从桐梓林到IFS马路上全是几百万买的车子生活滋润相当奢侈我不结婚所以带个克罗心的戒指因为哥们铁石心肠就是年少轻狂虽然我们经常把手脚耍得冰凉但我们的说唱技术依然还保持精良随便写两句四川话拿去给你们欣赏Masiwei：你我几兄弟都是兄弟都是好兄弟辈子兄弟做点小生意和我兄弟你我几兄弟都是兄弟你我几兄弟都是兄弟都是好兄弟辈子兄弟做点小生意和我兄弟你我几兄弟都是兄弟
"
 Humble Swag Pt.2,"feat. 斑比Bambii作词：马思唯、斑比Bambii作曲：马思唯、斑比BambiiBambii：穿小裙子的漂亮姑娘一波又一波挤破头来到这里她们问斑比为什么我喜欢的rapper全部都想引起你注意我没办法照顾她们的情绪因为说出来会打击她们信心我是靠才华她靠拍别人的马屁是我们最大的差距Dirty dirty birdie fly 你还在门外In the stu 只会拍照打卡只会搞破坏I say bye一屋子的人一大半我都想立马换掉一首歌从头到尾都在乱叫轮到斑比来把你们干掉Masiwei：想追到我你们还要再跑快点和博尔特比赛跑不赢my versePolo Bear的beat他热的冒烟我走到哪里都能成为焦点我在桐梓林武侯区成都郫筒郫都区嫉妒你？我们不嫉妒你你活在评论区兄弟伙穿的周吴郑王走在街上扯最大的阵仗翡翠玛瑙挂在我的身上我本来就闪耀我不需要灯光我把每首歌当作我last one 把一次登台当作我的last round自信的笑容和唇印在脸上有熊的心脏和豹子的胆量Real rapper都这种耍法你唱的废话像个老头儿的假牙更多更详尽歌词 在 ※ Mojim.com　魔镜歌词网 提的问题太瓜我回你个哈哈这段像Draco打你身上pa paUh 你们还要再接再厉No.1我就像是火箭队的麦迪35秒奇蹟看我反击this is my city这是我的官邸Bambii&Masiwei：Drip so crazy 我在成都做着歌但我感觉像在南极没什么难题兰博基尼法拉利都是我玩具我做了一点分析一切那么顺利大概因为他们都太垃圾Suck MC躲在全国各地我和斑比是你们最怕的天敌Icy like ice hockey 我把你们一杆扫进了门里我在金字塔的顶端在埃及他们舔我屁股舔的很卖力Humble humble swag 808的律动越凶狠我的flow越cockyHumble humble我可以穿的简单但是我的歌词必须非常华丽Sauce boss 我们开始笑I got the money 我们开始燥178我实在站的高你别搞小动作我都看得到我做的了trap我也走的了维密男的女的rapper都陷入危机盘旋在你头顶我像只老鹰说唱运动我们能参加奥运YeahHumble swag我保持humble swag我保持humble swag
"
 亚特兰蒂斯,"feat. GALI作词：马思唯、GALI作曲：马思唯、GALIMasiwei：Uh这是当我又开始干这是当我又开始赚这是让假的rappers唱到拍子乱吓的尿一裤子躲进屋子当我开始rapUnderground 娱乐圈我都不属于太多'rapstar'业务能力需要我来补习不爱跟他们打交道因为他们披着鼠皮而我rap像特兰蒂斯之王在深海捕鱼一首接一首的热单I just dropped it你担心我还不如担心你的花呗看我把歌词都套现把键盘侠们关进修道院想和我beef还不够条件我拥有前所未有的动力子弹很充裕my whole team同舟共济我不会lonely经历过无数次的碰壁感觉像蹦极从峡谷深处向上反弹我要挣脱重力Uh 你确实靠说唱来赚了不少钱靠sold your soul被骗的那些都是跟风的但是绝对没我这首歌换来的尊重多伴奏还没停我还要说点更猛的卑鄙小人名字被我写在死亡笔记上逗我笑的排行榜不如改成说唱喜剧榜Rapper不比说唱比什么难道要比力量录音棚里碰碰让我看看谁还有底气装War ready拳头缠上绷带Real rappers don't lie 说个痛快仍一家独霸I been in this game a long time我flow太流畅当心割破你的动脉像在哈佛大学演讲一样正式点我不存钱I got time machine我存时间早就看够了这些rappers表现都烂透了It's over 该集体准备善后了Yeah这是当我又开始干这是当我又开始赚这是让假的rappers唱到拍子乱更多更详尽歌词 在 ※ Mojim.com　魔镜歌词网 吓的尿一裤子躲进屋子当我开始rapUnderground 娱乐圈我都不属于太多'rapstar'业务能力需要我来补习不爱跟他们打交道因为他们披着鼠皮而我rap像特兰蒂斯之王在深海捕鱼GALI：这是当我又开始干这是当我又开始赚Atlantis的波浪又再次泛起'别相信命运'给那些孩子看这是当阴阳怪气的生物他们又开始酸当他们又开始装妄想捆住你的双腿敲打键盘绑架你思想的绑匪躲开背后的枪口I stay humble in the jungle因为那些人太臭需要在歌里喷点香水看小时候的梦在录音的麦克风前实现再也不需要活在理想和钱之间听他们的rap不像rap像拍咸湿片但为什么拦不住我That was only 10 precent攀岩的冠军我在攀向顶端Rip my grandma 在天上面不停看着无法评判这趟旅程注定不平淡看阳光照射出了轮廓骄傲的六边形战士You dig英雄像周润发的影碟我生来就是说唱歌手在好久以前来自文庙的海报现在往高楼里贴打双引号的'rap stars' man I'm totally sick ofThese rappers报名戏剧学院吧they wanna be actors都期待着It's me Atlantis baby never moving backwardsMasiwei：Uh这是当我又开始干这是当我又开始赚这是让假的rappers唱到拍子乱吓的尿一裤子躲进屋子当我开始rapUnderground 娱乐圈我都不属于太多'rapstar'业务能力需要我来补习不爱跟他们打交道因为他们披着鼠皮而我rap像特兰蒂斯之王在深海捕鱼
"
 Hip-Hop Saved My Life(Live),"作词：马思唯、Alejandro Schmitz作曲：马思唯、Alejandro Schmitz可以坐下来聊一下天吗On top the city 都还习惯吗许过的愿望全都实现了你觉得你自己有没有变呢受不了别人再说你的坏话你觉得你付出了足够的代价不同的女人的香水 马屁精在你的周围回到了家里面一个人的时候是否会害怕你是否怀念你小时候伴随日落约好朋友们在楼顶吹风追女孩比做数学题还困难 像笨蛋从不为未来担心因为你知道你根本没有任何胜算我在那个时候选中了你闯入你的生活带你去了新世界里那是我第一次 介绍我的名字给你H I P H O PHip-Hop saved my lifeHip-Hop saved my lifeHip-Hop saved my lifeHip-Hop saved my life都给我闭嘴我知道应该怎么做的我过的生活 是我做梦都想过的还记得 我出了地铁站就是个跑车店我站在门口幻想有一天能开他回郫县我曾经不吃午饭为了一本漫画书我想要实现愿望找到我的七龙珠在学校里面是个异类 没地位在篮球校队是个替补 没有上场机会直到了有一天你出现在我世界我开始意识到和这些人的区别我拒绝 和他们过一样的生活我说拒绝更多更详尽歌词 在 ※ Mojim.com　魔镜歌词网 我张开翅膀就没想过落地哪怕精疲力竭你让我大胆冲吧 别害怕不要退后你永远在我背后你会陪我走到最后你是个秘密 赋予我生命特殊意义H-I-P H-O-PHip-Hop saved my lifeHip-Hop saved my lifeHip-Hop saved my lifeHip-Hop saved my life五万个观众等我们上场来把手叠在一起我们做到了我背着一书包现金去买车后视镜的自己像是50 Cent一样的笑着给我支笔我甚至都不需要纸 就能够写出来完美的歌词承载了家人的希望朋友的梦想像是在天空中飞翔的鸽子和当年的我一样的幼稚 一样的斗志命运的斗争绝不会倒下去因为我是一个斗士更多目光只会让我更强我不想睡 on my way 变得更忙这是我曾无数次梦到的灯光打在我的身上我和他一起经历太多 他爱我他是我身体里跳动的脉搏这首是关于我跟他的友谊H-I-P H-O-PHip-Hop saved my lifeHip-Hop saved my lifeHip-Hop saved my lifeHip-Hop saved my life版权声明：未经著作权人书面许可，任何人不得以任何方式使用(包括翻唱、翻录等)
"
 飞来横祸(feat. 阿达娃),"作词：马思唯、Alejandro Schmitz、阿达娃作曲：马思唯、Alejandro Schmitz、阿达娃你是飞来横祸 彻底打乱了我心跳的节拍不要犹豫不决 快点打给我约我出来 tonight还没有到 登机时间  没换登机牌但我的心 却早已经 飞过来你包含了 世上 最美的色彩没有你 我的眼里会只剩下黑与白阳光在雕刻 你完美轮廓作为说唱歌手 我不再沉默你是空姐 我乖乖做你乘客爱是错得话你就是我的飞来横祸Uh 习惯自由的黑马 却想 被 你驾驭把你的所有追求者们都 比下去我变的非常贪心  见到你才能安心如果你把门关上我会一直按铃我出现 带着你遗失的 水晶鞋用我的唇 教你爱的每个音节我的电影没有你就没有对白你的未 来 没有我那也不叫未来 U dig你是飞来横祸 彻底打乱了我心跳的节拍(造型满分 味道满分 发型满分你就只差一个我这样的男人)不要犹豫不决 快点打给我约我出来 tonight(So fresh so clean come on bounce wit meSo fresh so clean come on bounce wit me)你让我手足无措 my baby难以置信有人如此完美I made this song for you ，fight for you醉了cry for you ，I can even die for you张学友唱的 恋爱的人都一样的更多更详尽歌词 在 ※ Mojim.com　魔镜歌词网 你比789月的天气更上火好胜心很强 的我却愿意 输给你除了你之外我不想再关心 who that be你有时拽 有时好 有时坏有时笨 有时聪明 有时怪每一秒 都很值钱 只要有你在到哪都是super star  只要我有你爱我不要你变成 祝英台我们感情不需要打 苦情牌Cuz we stay high  and we stay fly打响我们爱的战役 不停摆 come on 你是飞来横祸 彻底打乱了我心跳的节拍(造型满分 味道满分 发型满分你就只差一个我这样的男人)不要犹豫不决 快点打给我约我出来 tonight(So fresh so clean come on bounce wit meSo fresh so clean come on bounce wit me)你是飞来横祸 彻底打乱了我心跳的节拍(造型满分 味道满分 发型满分你就只差一个我这样的男人)不要犹豫不决 快点打给我约我出来 tonight(So fresh so clean come on bounce wit meSo fresh so clean come on bounce wit me)你这样迷我 有必要吗你这样逼我  有必要吗你是 angel 是evil  有必要吗让我为你金盆洗手 有必要吗你这样迷我 有必要吗你这样逼我  有必要吗你是 angel 是evil  有必要吗让我为你金盆洗手 有必要吗
"
 为什么,"作词：马思唯作曲：马思唯说走就走为什么你上了他的车为什么电话都不接为什么连头也不会回为什么雨下的这么大为什么还是忘不掉为什么我想不明白 为什么相爱的人却总会分开 为什么说走就走为什么你上了他的车为什么电话都不接为什么连头也不会回为什么雨下的这么大为什么还是忘不掉为什么我想不明白 为什么相爱的人却总会分开 为什么有我陪你绝对安全的对我的偏见是片面的年轻有为和我关联著我们是被上帝给眷顾的有多少人看我们羡慕呢有多少人看我们厌恶呢我从不在乎他们说什么你的美丽让我彻底的陷入了粉红色的鲜花和贺卡送到你家一起吹灭蜡烛把愿望许下昨天的明天是今天你给我每天都有新的启发因为见不到你我思维混乱被爱冲昏头脑我变成笨蛋深蓝色的海洋是如此浩瀚我错以为你的小船会向我靠岸而我手机 再也 收不到 你信号房间空空荡荡 变成一个冰窖我在阳台唱为你写的歌你能否听到你走后 我的心脏 忘记该 怎么心跳说走就走为什么你上了他的车为什么电话都不接为什么连头也不会回为什么雨下的这么大为什么还是忘不掉为什么我想不明白 为什么相爱的人却总会分开 为什么更多更详尽歌词 在 ※ Mojim.com　魔镜歌词网 说走就走为什么你上了他的车为什么电话都不接为什么连头也不会回为什么雨下的这么大为什么还是忘不掉为什么我想不明白 为什么相爱的人却总会分开 为什么于是我告诉自己不能再等如果你不爱我的话就快滚既然已经做不了你的爱人那就拼命赚钱 学着当个坏人学人做大哥 学人炒股不会做饭我就请个保姆别人嘴里面的钻石王老五我在我的后院开始养起老虎 KTV 还有夜总会 我都是VIP会员还可以贵点 两个R 在我车头上帮我开车门 妞在抛媚眼私人飞机出行 我不管交通股票上市  纳斯达克敲钟名流贵族向我靠拢希望工程我去捐了所高中但是 我已经彻底输了你就算赢了世界也 变得没任何意义空虚还有痛苦伴随我在每一个夜里又再问我自己问过几百万次的问题说走就走为什么你上了他的车为什么电话都不接为什么连头也不会回为什么雨下的这么大为什么还是忘不掉为什么我想不明白 为什么相爱的人却总会分开 为什么说走就走为什么你上了他的车为什么电话都不接为什么连头也不会回为什么雨下的这么大为什么还是忘不掉为什么我想不明白 为什么相爱的人却总会分开 为什么
"
 Money On My Mind(feat. 阿达娃),"作词：马思唯、Alejandro Schmitz、阿达娃作曲：马思唯、Alejandro Schmitz、阿达娃我曾以为有钱 就代表能够拥有一切钱是通行证带领你去崭新的世界他们向我点头哈腰因为我是CEO名利双收我出现在你家的radioOh   还认识很多新的伙伴什么事都不用做只知道围着我转他们捧我 像捧著大力神杯夺冠他们懂我吗 曾经受了多少磨难有想过吗 你觉得这一切会变吗如果没钱他们还会留在你的身边吗你出事的时候  看到底谁会接你电话再看看是谁落井下石 在你身上践踏It's real life   一旦你习惯了被虚伪面孔对待就会慢慢忘掉什么叫做被爱你说你痛苦像是伤口上被撒了盐巴罪魁祸首真的只是钱吗这是问题的所在一切都是金钱在作怪如果没有钱在我口袋还有谁会陪着我 谁会离开我money moneyI got money on my mindmoney moneyI got money on my mind挣了再多钱我都可以用掉重要 衣服必须选最好的用料要买最贵的 珠宝还有钟表停下我的跑车辣妹自动投怀送抱钱能让我快乐 钱能让我痛苦钱能让我在寒冷的冬天里也中暑钱能让我拥有 钱能让我失去钱能让我记忆犹新也能让我失忆你要学会控制钱而不是让钱控制你更多更详尽歌词 在 ※ Mojim.com　魔镜歌词网 钱是没感情的东西它不可能重视你钱可以是鸡汤也可以是毒药如果用错方式的话就只是一堆符号什么才是真的 什么是永恒的是人心太过复杂还是钱让我不纯了我感到孤独像朵长在雪山上的莲花罪魁祸首真的只是钱吗 这是问题的所在一切都是金钱在作怪如果没有钱在我口袋还有谁会陪着我 谁会离开我Money MoneyI got money on my mindMoney MoneyI got money on my mind后来我明白 有爱人爱你 有家保护你有兄弟们在身边支持你才叫做富裕当心灵上的满足大过物质之后 我会勇往直前无所畏惧 变得所向无敌我拥有爱 他们永远不会离开恐惧和不安再也不能把我击败爬的越高摔的越痛 那就重新来一遍 再一遍我也不会弯下膝盖这是问题的所在一切都是金钱在作怪如果没有钱在我口袋还有谁会陪着我 谁会离开我Money MoneyI got money on my mindMoney MoneyI got money on my mindMoney MoneyI got money on my mindMoney MoneyI got money on my mind
"
 东大街,"作词：马思唯、Alejandro Schmitz作曲：马思唯、Alejandro SchmitzRule number oneAlways rememberWho you areWhere you from我来给你展示什么叫下一个等级你觉得似曾相识却又没见过的东西统治这个游戏用了我三成的功力你达不到的高度只能用拳头砸空气我要成为郫县东大街上的骄傲Everybody love me 不靠穿得多花哨水果店书报亭老板对着我微笑I got my rap money 不是靠旁门左道带上了 东大街的荣耀去闯荡我的兄弟姐妹们都把我当榜样和妈妈吵完架后凌晨2点离家出走我脸上划过雨点独自站在十字路口把帽子压低 I gotta go我是个向大海发起挑战的 水手就算我的口袋里什么都 没有遇到惊涛骇浪我也不会 回头我得到我以前都不曾得到的 做到了别人都不曾做到的骄傲的看着我受过的伤呢 破茧成蝶 闪闪发光了最硬的石头在手表上镶著 一书包钞票在后备箱装着白天忙到黑 回到东大街我来给你展示什么叫下一个等级你觉得似曾相识却又没见过的东西统治这个游戏用了我三成的功力你达不到的高度只能用拳头砸空气我要成为郫县东大街上的骄傲更多更详尽歌词 在 ※ Mojim.com　魔镜歌词网 Everybody love me 不靠穿得多花哨水果店书报亭老板对着我微笑I got my rap money 不是靠旁门左道从东大街开始慢慢做大混得风生水起现在可以用钱说话只要我登场就是这条街最帅的 最坏的女孩们为我尖叫说我是他们最爱的我吉人自有天相因为有我的兄弟们罩着我 他们把手放在我的肩上这就是为什么我从来都不孤独我要让所有人都走起来过得舒服305公交 曾经我坐在后排611730是我最硬的后台你从哪里来的 你是谁在郫县东大街的rapstar 马思唯我从来不害怕他们在背后咋个说我那些关于我的 那些你听人家说的你在网上看到的如果你真的想了解你可以到郫县来看一下你可以到东大街来看一下哈哈 我会这样子告诉你我来给你展示什么叫下一个等级你觉得似曾相识却又没见过的东西统治这个游戏用了我三成的功力你达不到的高度只能用拳头砸空气我要成为郫县东大街上的骄傲Everybody loves me 不靠穿得多花哨水果店书报亭老板对着我微笑I got my rap money 不是靠旁门左道
"
 我不用休息,"作词：马思唯、Alejandro Schmitz作曲：马思唯、Alejandro Schmitz我不用休息 24 hours我不休息喂饱我的家人 喂饱我的兄弟 喂饱我的梦想不休息舒服的感觉给弱者 我要证明他们全部都是错的我是只野兽 let's go 总是保持警惕 胃里总是饿的我不用休息 24 hours我不休息喂饱我的家人 喂饱我的兄弟 喂饱我的梦想不休息舒服的感觉给弱者 我要证明他们全部都是错的我是只野兽 let's go 总是保持警惕 胃里总是饿的他们想beat me down但是太困难我过的每 天都像在过新年 像过圣诞每一次受伤后 都会变更强我血液变滚烫我把我城市 背在我身上涡轮增压传来了声浪更大的 格局 run for city我不断累积I been stackingCall my Jeweler订做新的链子要闪出水滴对比 不要再拿你们和我做对比我做的每一个动作都闪耀 像流星的轨迹Same s**t different day  嘻哈帝国被我建起我过的越来越富裕 越会让我想起曾经的点滴曾经我除了我自己 除了我自己 nobody trust me现在我家喻户晓 坐上了白色的法拉利Flexin'我不用休息 24 hours我不休息喂饱我的家人 喂饱我的兄弟 喂饱我的梦想不休息舒服的感觉给弱者 我要证明他们全部都是错的我是只野兽 Let's go 总是保持警惕 胃里总是饿的我不用休息 24 hours 我不休息更多更详尽歌词 在 ※ Mojim.com　魔镜歌词网 喂饱我的家人 喂饱我的兄弟 喂饱我的梦想不休息舒服的感觉给弱者 我要证明他们全部都是错的我是只野兽 Let's go 总是保持警惕 胃里总是饿的随便穿件白t我也能像奢侈品一样非常的高级弯道我都不需要减速拉一把手刹就可以飘逸切谈生意把我钱捆起  装到我的Burberry包里所有稀有的 好儿童 出来 集合了 当我 开始 摇旗我们不是搞起耍的 少跟我整那些假的合法挣的钱 不是抢的 我才不得管你们到底咋个想的我和兄弟伙最超 夜店里面我们最会撩突发事件 凌晨四点 郫县到成都 我们俩个对表肌肉车油门踩起Zoom zoom 动静大 像是有恐龙眼睁睁睁的看到我们走红 我晓得 天生我材那就必定有用他们只看到我外表的光鲜 忽略了我有的经历回头看遍地的荆棘 这一切来之不易 我必须要捍卫我领地我不用休息 24 hours我不休息喂饱我的家人 喂饱我的兄弟 喂饱我的梦想不休息舒服的感觉给弱者 我要证明他们全部都是错的我是只野兽 Let's go 总是保持警惕 胃里总是饿的我不用休息 24 hours我不休息喂饱我的家人 喂饱我的兄弟 喂饱我的梦想不休息舒服的感觉给弱者 我要证明他们全部都是错的我是只野兽 Let's go 总是保持警惕 胃里总是饿的我不用休息 24 hours我不休息喂饱我的家人 喂饱我的兄弟 喂饱我的梦想不休息舒服的感觉给弱者 我要证明他们全部都是错的我是只野兽 Let's go 总是保持警惕 胃里总是饿的我不用休息 24 hours我不休息喂饱我的家人 喂饱我的兄弟 喂饱我的梦想不休息舒服的感觉给弱者 我要证明他们全部都是错的我是只野兽 Let's go 总是保持警惕 胃里总是饿的
"
 豆瓣酱,"作词：马思唯、Alejandro Schmitz作曲：马思唯、Alejandro Schmitz双手抱头 感谢老天眷顾  99的 努力百分之一天 赋全球华人 搭上线路都是我的合伙人在世界各地遍 布Too much sauce 我用豆瓣酱锅底烧的发红 油温烧到滚烫Too much sauce 我用豆瓣酱脚底 摸了油  艾弗森在变相Ride around town like 豆瓣酱小兔子们快点跑啊 现在大解放一身白的西装 发表获奖感言我和我的兄弟们都来自大街上24k我们不玩电镀我的火眼金睛能够识别所有骗术刚入行的小朋友别记着辩护 你的羡慕嫉妒毫无保留刻在面部M A S I W E I  都在夸我厉害各路神仙都拜托我 收下他们膝盖服装产业链 娱乐产业链 都走起来A Few Good Kids 这是生活 这是姿态豆瓣酱 我的音乐太辣  赚太多 我像是开了外挂坐在原地不动 你是个呆瓜  你的娱乐神经我来帮你开发这笔 有搞头  我们干杯  人生如戏 life is a movie我燃烧的斗志从来不会枯萎我用我的实际行动让他们都住嘴双手抱头 感谢老天眷顾  99的 努力百分之一天 赋全球华人 搭上线路 都是我的合伙人在世界各地遍 布更多更详尽歌词 在 ※ Mojim.com　魔镜歌词网 too much sauce 我用豆瓣酱锅底烧的发红 油温烧到滚烫too much sauce 我用豆瓣酱脚底抹了油  艾弗森在变相不要 轻易站我旁边  钻石 太闪  闪的就像一道闪电说我是 Rapper  那未免太过片面   我是一个企业家把梦想全都变现V8 涡轮增压 传来声浪   聚光灯  Pose 落在我的身上我能让 宅男们 都变得奔放 lets go 稀有好儿童全都跟上我曾是 学校 里面最调皮的  但当我说唱 变成布拉德 批特Hiphop恶魔果实吃了让我变的swagger一秒钟都不想坐下 我要一直站着感受下我的威力 International 我的魅力大师兄归位直接飞起  stay on the top 代表我的city 制定属于我的规则制定属于我的规矩 UhUh 收拾好行李我开始历险 偶尔的失败也无法避免感受不到痛就不会疲倦  燃烧的火焰在瞳孔里面郫县 豆瓣 酱 我把我的城市 抗在我的肩上黑马王子 四海为家 已经开始出现人传人的现象 Uh双手抱头 感谢老天眷顾  99的 努力百分之一天 赋全球华人 搭上线路 都是我的合伙人在世界各地遍 布too much sauce 我用豆瓣酱锅底烧的发红 油温烧到滚烫too much sauce 我用豆瓣酱脚底抹了油  艾弗森在变相
"
 Hip-Hop Saved My Life,"作词：马思唯、Alejandro Schmitz作曲：马思唯、Alejandro Schmitz可以坐下来聊一下天吗On top the city 都还习惯吗许过的愿望全都实现了你觉得你自己有没有变呢受不了别人再说你的坏话你觉得你付出了足够的代价不同的女人的香水 马屁精在你的周围回到了家里面一个人的时候是否会害怕你是否怀念你小时候伴随日落约好朋友们在楼顶吹风追女孩比做数学题还困难 像笨蛋从不为未来担心因为你知道你根本没有任何胜算我在那个时候选中了你闯入你的生活带你去了新世界里那是我第一次 介绍我的名字给你H I P H O PHip-Hop saved my lifeHip-Hop saved my lifeHip-Hop saved my lifeHip-Hop saved my life都给我闭嘴我知道应该怎么做的我过的生活 是我做梦都想过的还记得 我出了地铁站就是个跑车店我站在门口幻想有一天能开他回郫县我曾经不吃午饭为了一本漫画书我想要实现愿望找到我的七龙珠在学校里面是个异类 没地位在篮球校队是个替补 没有上场机会直到了有一天你出现在我世界我开始意识到和这些人的区别更多更详尽歌词 在 ※ Mojim.com　魔镜歌词网 我拒绝 和他们过一样的生活我说拒绝我张开翅膀就没想过落地哪怕精疲力竭你让我大胆冲吧 别害怕不要退后你永远在我背后你会陪我走到最后你是个秘密 赋予我生命特殊意义H-I-P H-O-PHip-Hop saved my lifeHip-Hop saved my lifeHip-Hop saved my lifeHip-Hop saved my life五万个观众等我们上场来把手叠在一起我们做到了我背着一书包现金去买车后视镜的自己像是50 Cent一样的笑着给我支笔我甚至都不需要纸 就能够写出来完美的歌词承载了家人的希望朋友的梦想像是在天空中飞翔的鸽子和当年的我一样的幼稚 一样的斗志命运的斗争绝不会倒下去因为我是一个斗士更多目光只会让我更强我不想睡 on my way 变得更忙这是我曾无数次梦到的灯光打在我的身上我和他一起经历太多 他爱我他是我身体里跳动的脉搏这首是关于我跟他的友谊H-I-P H-O-PHip-Hop saved my lifeHip-Hop saved my lifeHip-Hop saved my lifeHip-Hop saved my life
"
 浴缸,"作词：Siwei Ma, Jaylon Roberts作曲：Siwei Ma, Jaylon Roberts和我一起洗澡脱掉你的浴袍复杂的花花世界让我做你依靠不管你有多累我陪着你always帮我放好洗澡水我来为你搓背最舒服的地方躲进我的浴缸能勾住你的味道是我独特的秘方最舒服的地方躲进我的浴缸坐我的飞机让我当你的机长Uh 好多泡泡请接受我对你浪漫的骚扰You and me RNB 般的调调我抓到你小猫咪别想逃跑给你抹沐浴乳叫我trey songz rap 版本温暖的水温暂时能忘了寒冷破碎过的心我帮你变完整太宠你是个错的话那我是坏男人更多更详尽歌词 在 ※ Mojim.com　魔镜歌词网 Konnichiwa konnichiwa 带你去东京铁塔萨瓦迪卡刷我的卡购完物跟我回家然后干嘛sippin henny ，你就是我的艳遇我的秘密在浴室里关上灯关上门放著歌和我一起洗澡脱掉你的浴袍复杂的花花世界让我做你依靠不管你有多累我陪着你always帮我放好洗澡水我来为你搓背最舒服的地方躲进我的浴缸能勾住你的味道是我独特的秘方最舒服的地方躲进我的浴缸坐我的飞机让我当你的机长Un 在我眼里你最可爱I'll be your prince charming for life在我眼里你最可爱I'll be your prince charming for life
"
 嘟嘟嘟噜噜,"作词：Siwei Ma, Andre Anthony Alexander Grant作曲：Siwei Ma, Andre Anthony Alexander Grant让我解决你的问题我能给的与众不同你可以对我保持任性Yeah yeah uh uh每次当我想到了你嘴角好像挂了蜂蜜你一点一点把我融化我想要的并不复杂HeyHeyHeyuh uh uhHeyHeyHey天使般的面容魔鬼般的身材钻石戒指跑车还有豪宅你是骄傲的皇后这些全部都有没那么简单能够把你心给偷走我不像那些男人只会满足你的物质我可以躺在一起用心聆听你的故事我可以变成你的动力可以给你鼓励这颗温柔的心除了你哪都不属于My boo你怎么还不明白我有多好you got me like oooyou got me like dududululu让我解决你的问题我能给的与众不同你可以对我保持任性Yeah yeah uh uh每次当我想到了你嘴角好像挂了蜂蜜你一点一点把我融化我想要的并不复杂HeyHeyHey更多更详尽歌词 在 ※ Mojim.com　魔镜歌词网 Uh uh uhHeyHeyHey别关心现在时间是几点啦和我一起出发去历险吧我加你等于爱可以改变这个世界永远对我们来说也不远了就别再和我分开我受够了等待卸下你的防备把心里的话都说出来Don't ask me, no whyDon't ask me, no whyOh baby won't you be my...My boo你怎么还不明白我有多好you got me like wuyou got me like dududululu让我解决你的问题我能给的与众不同你可以对我保持任性Yeah yeah uh uh每次当我想到了你嘴角好像挂了蜂蜜你一点一点把我融化我想要的并不复杂HeyHeyHeyuh uh uhHeyHeyHeyheyheyheyuh uh uhheyheyhey
"
 One More Chance,"作词：Siwei Ma, Alex Michael Lawrence作曲：Siwei Ma, Alex Michael Lawrence半夜三更不回你的电话还在外面鬼混嘴里全是谎话兄弟帮我做着伪证假装在studio 和别的妞在约会万万没有想到的她居然是你姐妹伤透你的心你哭个不停不管怎么解释都不听真的伤脑筋我总是自作聪明这次却不知道怎么表达了直到你离开我才发现是我真的搞砸了oh sh*tOne more chanceI just need one more chance one more chance我可以改变希望你能回到我身边对不起让你为我心碎流泪对不起离开你我陷入了前所未有的危机One more chanceI just need one more chance, one more chance我可以改变希望你能回到我身边对不起让你为我心碎流泪对不起离开你我陷入了前所未有的危机讲的谎话自己都不信你不再对我有任何反应躺在抽屉里的diamond ring是我现在尴尬的处境ATL 最后一次合照Tokyo 你穿着的和服在舞蹈成都爱你爱到我发烧香港一起许下的愿望更多更详尽歌词 在 ※ Mojim.com　魔镜歌词网 Boston 是第一次见你上海发誓不会再骗你Brooklyn Bridge 像是场电影这是场梦的话别把我唤醒和你一起玩的游戏还没打通关约好一起看的电影我都还没看都是我的错babyOh 请原谅我babyOh 我需要你baby请别离开我babyOne more chanceI just need one more chance, one more chance我可以改变希望你能回到我身边对不起让你为我心碎流泪对不起离开你我陷入了前所未有的危机One more chanceI just need one more chance one more chance我可以改变希望你能回到我身边对不起让你为我心碎流泪对不起离开你我陷入了前所未有的危机I ain't gonna lie no moreI ain't gonna lie no moreI ain't gonna cheat no moreI ain't gonna cheat no more
"
 阿姆斯特丹(feat.KnowKnow),"作词：Siwei Ma, Alwin van der Knijff, Teun de Kruif作曲：Siwei Ma, Alwin van der Knijff, Teun de Kruif我在阿姆斯特丹当个画家虽然口袋里钱不多就在梵高博物馆外等她等她从我身边路过你在哪oh 你在哪oh 你在哪oh怎么还不出现你在哪oh 你在哪oh 你在哪oh快来我的身边我在河边撑起我的画架梧桐树叶在小船上面落下一个流浪汉整理著行李望着桥上拥抱的情侣一场小雨淋湿的石板路一边画画我一边眺望远处我的画笔在调色版上跳舞你是否愿意为我放慢你的脚步我等过春夏和秋冬我也等过了花开和花落闭着眼睛许重复愿望当一颗流星把黑色的夜划破我还在等你来从黑夜等到白就在第一次碰面的地方更多更详尽歌词 在 ※ Mojim.com　魔镜歌词网 等我深爱的那个女孩我在阿姆斯特丹当个画家虽然口袋里钱不多就在梵高博物馆外等她等她从我身边路过你在哪oh 你在哪oh 你在哪oh怎么还不出现你在哪oh 你在哪oh 你在哪oh快来我的身边Girl 怎么跟我断了联系我不想只活在过去你的眼oh oh 你的嘴oh oh 在我脑海里面你的笑oh oh 你的泪oh 我挥之不去我在阿姆斯特丹等你我在阿姆斯特丹等你我在阿姆斯特丹当个画家虽然口袋里钱不多就在梵高博物馆外等她等她从我身边路过你在哪oh 你在哪oh 你在哪oh怎么还不出现你在哪oh 你在哪oh 你在哪oh快来我的身边
"
 跑得脱马脑壳,"作词：Siwei Ma, Niles Groce, Frederico Stefano Mpyo作曲：Siwei Ma, Niles Groce, Frederico Stefano Mpyo跑得脱马脑壳马脑壳你那点鬼点子不可能打倒我低端你品味太低端哪我都超得转纽约到西安炫耀原子弹空投中文说唱圈因为我都乱套我只跟我的兄弟们hang out, 你也还有机会那只一个玩笑是是是是老子就是会的比你都多Burberry backpack 把你们都收割嘴巴给我闭到y'all can say no more区别我的风格像是飞碟桌子上面把钱堆得好多妹儿在追我像中秋节的时候看嫦娥在追月You got it我们神出鬼没像黑蝙蝠你的歌我左耳进右耳出Ride around town 开起I8 我去演出要得嘛ok你和你兄弟们苟且跟你说话浪费口水到你的城市里插个旗照个相比一个oh yeah因为嫉妒把你变成一个丑鬼互相舔屁股也闻不到臭味我们攻占中文说唱就像土匪抢抢抢跑得脱马脑壳马脑壳你那点鬼点子不可能打倒我更多更详尽歌词 在 ※ Mojim.com　魔镜歌词网 低端你品味太低端哪我都超得转纽约到西安炫耀原子弹空投中文说唱圈因为我都乱套我只跟我的兄弟们hang out, 你也还有机会那只一个玩笑我有个胖兄弟我还有个瘦兄弟可能他们偶尔也会犯错但是对我绝对够兄弟俗话说物以类聚人以群分我们从无名小卒到名声大噪吃鲍鱼以前吃云吞每一笔钱都是平分我的歌换黄金你们的歌太难听可能因我太强了才是你们不能火的原因我在录音棚里面锁一个下午感觉我是达芬奇开始画图手法就像米其林星级大厨瞳孔放大然后心跳在加速你慢起我先走了你慢起你看哈我再看哈你I be always working 不管礼拜几别像个小娃儿在我面前耍赖皮跑得脱马脑壳马脑壳你那点鬼点子不可能打倒我低端你品味太低端哪我都超得转纽约到西安炫耀原子弹空投中文说唱圈因为我都乱套我只跟我的兄弟们hang out, 你也还有机会那只一个玩笑
"
 成都,"作词：Siwei Ma, Niles Groce, Derek Tucker作曲：Siwei Ma, Niles Groce, Derek Tucker弟娃儿全成都都晓得马思唯是个角色在南门住的都是有娃儿街上好多跑车人民南路桐子林玉林都是我最熟的地形玩儿少过的生活你们只能隔着屏幕意淫在太古里买Tiffany IFS 买表2万块在巴黎世家买件黑外套你觉得我在欺负你随时都在炫耀那说明你还不够努力钱还挣太少弟娃儿你标慌我先买个保险箱几百万的现金在等到我去装我全部带的钻你几爷子带的钢油门踩得最昂的这是Higher帮Baby CEO 把底盘降低在这个酒吧随便喝老板是Psy.P把电话打给Melo 搞几件OD这几弟兄在大洋彼岸都很牛逼你泡妞像办姑姑宴(过家家)才上幼儿园我把挣的演出费分成了六份钱我兄弟都是有娃儿只要跟我们超今晚所有table 全都交给我们包因为弟娃儿全成都都晓得马思唯是个角色在南门住的都是有娃儿街上好多跑车人民南路桐子林玉林都是我最熟的地形玩儿少过的生活你们只能隔着屏幕意淫更多更详尽歌词 在 ※ Mojim.com　魔镜歌词网 在太古里买Tiffany IFS 买表2万块在巴黎世家买件黑外套你觉得我在欺负你随时都在炫耀那说明你还不够努力钱还挣太少必须要开跑车节约时间I ride around town 载个妞回郫县上午做个采访下午拍封面等到了晚上我就带她回我房间They find me in da club 卡座上酒摆满Bust down的Frank Muller显得格外闪Louis on my feet, Chanel在我耳朵有我们在的地方那肯定肯定妹儿多钱钱赚得多想买啥子就买啥全身都是奢侈品他们还是觉得我很瓜Cartier rose gold 带满了我的右手我珍贵得像个大熊猫儿一样只有成都才会有因为弟娃儿全成都都晓得马思唯是个角色在南门住的都是有娃儿街上好多跑车人民南路桐子林玉林都是我最熟的地形玩儿少过的生活你们只能隔着屏幕意淫在太古里买Tiffany IFS 买表2万块在巴黎世家买件黑外套你觉得我在欺负你随时都在炫耀那说明你还不够努力钱还挣太少都是乖娃娃都很乖都是乖娃娃都很乖都是乖娃娃都很乖都是乖娃娃都很乖 感谢 精神小伙  修正歌词
"
 我在郫县,"作词：Siwei Ma, Joel Banks, Taylor Banks, Matthew Banks, Sean Mula作曲：Siwei Ma, Joel Banks, Taylor Banks, Matthew Banks, Sean Mula我在郫县我在郫县我在郫县我在郫县骑个摩托啃个菠萝钱挣多了准备梭了我在郫县我在一中我弟娃儿在二中我妹儿在四中杨帅在德元他从来不缺钱走切搓街机打两把铁拳黄哥我的哥老倌在烟草局上班开马自达他说从小到大没人打过他我还个小学同学现在在卖炒大虾水产大学的对门子以前有个欧罗巴走嘛去一环路东大街王府商业街逛街马可燃还在新光大道二楼上打牌合作团结还有友爱刨点钱钱放进我的口袋三婆来我家吃鸡肉我从美国回来了更多更详尽歌词 在 ※ Mojim.com　魔镜歌词网 我在郫县我在郫县我在郫县我在郫县骑个摩托啃个菠萝钱挣多了准备梭了我把野马开回郫县音乐最昂不要靠太近会被震成内伤老汉儿给我烧的菜闻起最香还是那个味道最熟悉的配方王亚立我有礼物送给你昨天我在成都逛街买的路易 Vvsopvsop老板儿给我开瓶轩威VSOP我在郫县我在郫县我在郫县我在郫县骑个摩托啃个菠萝钱挣多了准备缩了
"
 Where You At,"作词：Siwei Ma, Andre Anthony Alexander Grant作曲：Siwei Ma, Andre Anthony Alexander Grant垃圾要分类我把你丢进抽水马桶冲掉有我们在的演出其他rapper都是龙套在嘴上骂我心里却想像我一样红爆Diss我的歌都成了你的至高荣耀她不爱你的你做的都是她不在意的她有了我才不在乎你多卖力呢我写歌写得帅又快就像拍立得说唱根本不适合你你像送快递的所有评委选手和导演我吃著薯片看你们搞笑的表演屏幕上的小丑只能供人消遣而我在任何club里面都是焦点我和我的Higher Brothers 站在最高遇到困难从不逃避You're talkin about Chinese hip hopYou must be talkin about meWya boy 我看都看不见你Wya boy 我听都听不见你Wya boy 都只能给我垫底就让音乐来说话都是真的不会骗你Wya boy 我看都看不见你Wya boy 我听都听不见你Wya boy 都只能给我垫底就让音乐来说话都是真的不会骗你If rap was a game I'd be MVP把我涂鸦在你的城市变成名胜古蹟我忙着赚钱而你的嘴里只有怨言负能量是你好朋友在大脑不断蔓延更多更详尽歌词 在 ※ Mojim.com　魔镜歌词网 我们是喜欢音乐的A Few Good Kids睡朋友家的沙发yes I used to beNow I got my own house, I got my own carI never ever thought that we could take it this far我身边没有懒的人做的歌很感人自信的笑容搭配不服输的眼神有挡不住的锐气把神光给你退去我拥有的是与生俱来的东西叫魅力I'm ready 向前迈出一大步少部分的好孩子在等待你加入我们Higher Brothers一起站最高处这感觉一点都不陌生it's deja vuWya boy 我看都看不见你Wya boy 我听都听不见你Wya boy 都只能给我垫底就让音乐来说话都是真的不会骗你Wya boy 我看都看不见你Wya boy 我听都听不见你Wya boy 都只能给我垫底就让音乐来说话都是真的不会骗你When you see me and HarikiriYou see a hitThe beat knocks and my flow so sick持续著高温没办法冷却Masiwei is back 感动到你哽咽Jump, jump, jump, jump, jump, jump如果你想玩那就Jump, jump, jump, jump, jump, jump如果你想赢那就
"
 GO,"作词：Siwei Ma, David Garcia-Garci-Nuño作曲：Siwei Ma, David Garcia-Garci-NuñoGo Masiwei, go Masiwei还可以做得更好可以更出色勇敢地向前跑吧朝着禁区突破Go Masiwei, go Masiwei把鞋带系紧很快就会有收获我梦想中的生活一笔一笔勾勒12岁开始就向往这种生活当大老板出唱片制定我的规则身边有的人离开也有了新的兄弟加入上帝关上门又会为你开一扇窗户不懂放弃我给我自己加油打气我就是主角我将要上演一出好戏更高兄弟的大哥大曾经也是个小弟我骄傲地说起来等到那一天我老去妈妈再也不哭了我爸爸开心地笑了我坐在后院看着天使城的黄昏燃烧着从郫县东大街开始我可以爬得更高的Oh 名扬四海我活得自由自在没有人能替代每个为梦想奋斗的人都值得被时代记载Go Masiwei, go Masiwei还可以做得更好可以更出色勇敢地向前跑吧朝着禁区突破Go Masiwei, go Masiwei更多更详尽歌词 在 ※ Mojim.com　魔镜歌词网 把鞋带系紧很快就会有收获我梦想中的生活一笔一笔勾勒我跟我脖子上的钻石一样闪亮我的字典里没有'不可能'这一种选项我不断地奔跑着向着更遥远的远方感谢支持我的人你们真的很有眼光我代表中国成都我代表郫县把爷爷名字刺在手上完成他的遗愿因为有梦想支撑着我让我不会疲倦我相信我能飞的话天空都不会是个极限妈妈再也不哭了我爸爸开心地笑了我坐在后院看着天使城的黄昏燃烧着从郫县东大街开始我可以爬得更高的Oh 名扬四海我活得自由自在没有人能替代每个为梦想奋斗的人都值得被时代记载Go Masiwei, go Masiwei还可以做得更好可以更出色勇敢地向前跑吧朝着禁区突破Go Masiwei, go Masiwei把鞋带系紧很快就会有收获我梦想中的生活一笔一笔勾勒爸爸：你还是真正地长大了你的思想还是很成熟了我不焦心了我不焦心了
"
